url,quote,source_field,context,outcome
https://roma.corriere.it/notizie/politica/26_febbraio_18/nordio-dopo-l-intervento-di-mattarella-alla-riunione-del-csm-condivido-al-101-mi-adeguero-cd271bc0-59ea-49d8-a112-d3938d01bxlk.shtml,"Condivido al 101%, mi adeguerò",title,"Nordio dopo l'intervento di Mattarella alla riunione del Csm: «Condivido al 101%, mi adeguerò»",
https://roma.corriere.it/notizie/politica/26_febbraio_18/nordio-dopo-l-intervento-di-mattarella-alla-riunione-del-csm-condivido-al-101-mi-adeguero-cd271bc0-59ea-49d8-a112-d3938d01bxlk.shtml,"Mi adeguerò ovviamente e cercherò di essere il più possibile aderente, come spero di essere stato peraltro in passato, perché certe espressioni che io ho usato non erano mie, ho citato parole altrui",body,"Virginia Piccolillo Il Guardasigilli: è quello che ho sempre detto io, mantenere il dialogo in termini contenuti. « Mi adeguerò ovviamente e cercherò di essere il più possibile aderente, come spero di",
https://roma.corriere.it/notizie/politica/26_febbraio_18/nordio-dopo-l-intervento-di-mattarella-alla-riunione-del-csm-condivido-al-101-mi-adeguero-cd271bc0-59ea-49d8-a112-d3938d01bxlk.shtml,metodi paramafiosi nelle nomine,body,"Virginia Piccolillo Il Guardasigilli: è quello che ho sempre detto io, mantenere il dialogo in termini contenuti. « Mi adeguerò ovviamente e cercherò di essere il più possibile aderente, come spero di",
https://roma.corriere.it/notizie/politica/26_febbraio_18/nordio-dopo-l-intervento-di-mattarella-alla-riunione-del-csm-condivido-al-101-mi-adeguero-cd271bc0-59ea-49d8-a112-d3938d01bxlk.shtml,ripetuto soltanto le parole pronunciate nel 2019 dal magistrato antimafia Nino Di Matteo,body,"Virginia Piccolillo Il Guardasigilli: è quello che ho sempre detto io, mantenere il dialogo in termini contenuti. « Mi adeguerò ovviamente e cercherò di essere il più possibile aderente, come spero di",
https://roma.corriere.it/notizie/politica/26_febbraio_18/nordio-dopo-l-intervento-di-mattarella-alla-riunione-del-csm-condivido-al-101-mi-adeguero-cd271bc0-59ea-49d8-a112-d3938d01bxlk.shtml,giustificazione,body,"Virginia Piccolillo Il Guardasigilli: è quello che ho sempre detto io, mantenere il dialogo in termini contenuti. « Mi adeguerò ovviamente e cercherò di essere il più possibile aderente, come spero di",
https://roma.corriere.it/notizie/politica/26_febbraio_18/nordio-dopo-l-intervento-di-mattarella-alla-riunione-del-csm-condivido-al-101-mi-adeguero-cd271bc0-59ea-49d8-a112-d3938d01bxlk.shtml,"Condivido al 101 per cento quello che ha detto il presidente della Repubblica e se leggete le mie prime interviste è quello che ho sempre detto io, mantenere il dialogo in termini contenuti . Certo, ci sono stati momenti in cui mi hanno detto che ero un pidduista, revanchista e che ero addirittura contiguo con la camorra o altro e allora qualche reazione magari c’è. Ma se come auspico manteniamo il dialogo in un ambito civile, pacato e razionale i toni si abbasseranno. E finalmente ragioneremo sul contenuto della riforma",body,"Virginia Piccolillo Il Guardasigilli: è quello che ho sempre detto io, mantenere il dialogo in termini contenuti. « Mi adeguerò ovviamente e cercherò di essere il più possibile aderente, come spero di",
https://roma.corriere.it/notizie/politica/26_febbraio_18/nordio-dopo-l-intervento-di-mattarella-alla-riunione-del-csm-condivido-al-101-mi-adeguero-cd271bc0-59ea-49d8-a112-d3938d01bxlk.shtml,condizionamento,body,"Virginia Piccolillo Il Guardasigilli: è quello che ho sempre detto io, mantenere il dialogo in termini contenuti. « Mi adeguerò ovviamente e cercherò di essere il più possibile aderente, come spero di",
https://roma.corriere.it/notizie/politica/26_febbraio_18/nordio-dopo-l-intervento-di-mattarella-alla-riunione-del-csm-condivido-al-101-mi-adeguero-cd271bc0-59ea-49d8-a112-d3938d01bxlk.shtml,"Il sorteggio per la composizione del Consiglio superiore della magistratura serve a recidere il cordone ombelicale tra elettori ed eletti e a superare il sistema delle correnti . I magistrati sorteggiati non saranno scelti tra passanti ignari del diritto ma all’interno di un canestro di togati già valutati più volte e con almeno vent’anni di esperienza. Si tratta quindi, per definizione, di persone preparate. È già previsto in alcuni casi, evidenzia e «non è una bestemmia giuridica né significa che uno vale uno",body,"Virginia Piccolillo Il Guardasigilli: è quello che ho sempre detto io, mantenere il dialogo in termini contenuti. « Mi adeguerò ovviamente e cercherò di essere il più possibile aderente, come spero di",
https://roma.corriere.it/notizie/politica/26_febbraio_18/nordio-dopo-l-intervento-di-mattarella-alla-riunione-del-csm-condivido-al-101-mi-adeguero-cd271bc0-59ea-49d8-a112-d3938d01bxlk.shtml,La magistratura non può accodarsi alla politica in un confronto che rischia di diventare uno scontro. Lo dico da ex magistrato (e magistrato si resta per sempre),body,"Virginia Piccolillo Il Guardasigilli: è quello che ho sempre detto io, mantenere il dialogo in termini contenuti. « Mi adeguerò ovviamente e cercherò di essere il più possibile aderente, come spero di",
https://www.corriere.it/politica/26_febbraio_18/elezioni-comunali-il-24-e-25-maggio-15-i-capoluoghi-al-voto-e481f086-7187-4cae-a185-f610ff10exlk.shtml,Diario Politico,body,Redazione Online Eventuale ballottaggio il 7 e 8 giugno. Sono in tutto 626 i Comuni chiamati alle urne Il 24 e 25 maggio sono le date individuate per lo svolgimento delle elezioni per il rinnovo del s,
https://www.corriere.it/politica/26_febbraio_18/de-pascale-io-in-lite-con-il-pd-sui-cpr-dico-che-chi-e-pericoloso-non-puo-rimanere-in-strada-8449aacc-5ed5-43e2-a662-8ed0529c4xlk.shtml,Io in lite con il Pd sui Cpr? Dico che chi è pericoloso non può rimanere in strada,title,Il presidente dell'Emilia Romagna de Pascale: «Io in lite con il Pd sui Cpr? Dico che chi è pericoloso non può rimanere in strada»,
https://www.corriere.it/politica/26_febbraio_18/de-pascale-io-in-lite-con-il-pd-sui-cpr-dico-che-chi-e-pericoloso-non-puo-rimanere-in-strada-8449aacc-5ed5-43e2-a662-8ed0529c4xlk.shtml,Non riteniamo necessaria la costruzione di nuovi Cpr,body,"Francesco Rosano Il presidente dell'Emilia-Romagna: sicurezza, il mio partito faccia 3-4 proposte concrete BOLOGNA Presidente Michele de Pascale, la sua proposta di un patto con il governo sulla sicur",
https://www.corriere.it/politica/26_febbraio_18/de-pascale-io-in-lite-con-il-pd-sui-cpr-dico-che-chi-e-pericoloso-non-puo-rimanere-in-strada-8449aacc-5ed5-43e2-a662-8ed0529c4xlk.shtml,"Assolutamente no, conosco bene la posizione del Pd, che parte da un giudizio molto severo e negativo sul funzionamento attuale di questi centri. Il ruolo del Pd è quello di costruire una proposta politica nazionale alternativa a quella attuale, che sia capace di coniugare tutela dei diritti umani e sicurezza. Sui Cpr non do un giudizio diverso dal Pd, né sul piano umanitario, né sul loro funzionamento. Detto questo, se l’alternativa oggi è che le persone socialmente pericolose rimangano per strada, per me è inaccettabile",body,"Francesco Rosano Il presidente dell'Emilia-Romagna: sicurezza, il mio partito faccia 3-4 proposte concrete BOLOGNA Presidente Michele de Pascale, la sua proposta di un patto con il governo sulla sicur",
https://www.corriere.it/politica/26_febbraio_18/de-pascale-io-in-lite-con-il-pd-sui-cpr-dico-che-chi-e-pericoloso-non-puo-rimanere-in-strada-8449aacc-5ed5-43e2-a662-8ed0529c4xlk.shtml,"Nei programmi elettorali del centrosinistra che si sono alternati negli anni a livello nazionale si è sempre parlato di una revisione di questo sistema, ma possiamo dire che una proposta chiara e netta a oggi non c’è, né da parte della minoranza, né da parte della maggioranza. Se le ultime due settimane di passione che ho attraversato sono servite a stimolare un dibattito su come tenere insieme tutela dei diritti umani e sicurezza dei cittadini l’ho fatto volentieri. Anche perché, da parte del governo, la proposta di togliere le fotocamere agli ospiti dei Cpr non vedo come faccia sentire più sicuri i cittadini, che casomai non si spiegano come una persona pericolosa che non può andare nel Cpr per via di una malattia infettiva venga lasciata liberamente per strada. Poi, per giunta, ce la si prende con i medici",body,"Francesco Rosano Il presidente dell'Emilia-Romagna: sicurezza, il mio partito faccia 3-4 proposte concrete BOLOGNA Presidente Michele de Pascale, la sua proposta di un patto con il governo sulla sicur",
https://www.corriere.it/politica/26_febbraio_18/de-pascale-io-in-lite-con-il-pd-sui-cpr-dico-che-chi-e-pericoloso-non-puo-rimanere-in-strada-8449aacc-5ed5-43e2-a662-8ed0529c4xlk.shtml,"C’è un’inchiesta della magistratura e resta la presunzione di innocenza. Ma mettiamo il caso che la malattia infettiva ci sia e che il medico faccia una diagnosi: non è colpa sua ma dello Stato se non si garantiscono strutture idonee per le condizioni di salute delle persone e per tutelare anche i cittadini. Vale lo stesso per i pazienti psichiatrici pericolosi che restano a piede libero. Ecco, dopo il millesimo cittadino che mi ha fermato per dirmi che non se ne può più, rivendico di aver avviato un dibattito. Il mio tentativo di dialogo con Piantedosi, che conosce la nostra regione, verte sul fatto che se non si cambia sistema non si può andare avanti. Quello sarebbe il vero fallimento",body,"Francesco Rosano Il presidente dell'Emilia-Romagna: sicurezza, il mio partito faccia 3-4 proposte concrete BOLOGNA Presidente Michele de Pascale, la sua proposta di un patto con il governo sulla sicur",
https://www.corriere.it/politica/26_febbraio_18/de-pascale-io-in-lite-con-il-pd-sui-cpr-dico-che-chi-e-pericoloso-non-puo-rimanere-in-strada-8449aacc-5ed5-43e2-a662-8ed0529c4xlk.shtml,"L’altra sera a DiMartedì Elly Schlein l’ha detto con chiarezza che sulla sicurezza questo governo ha fallito e che il Pd metterà in campo una proposta che tiene insieme prevenzione e repressione. È il titolo giusto, ma a quegli italiani che non si fidano solo di un titolo dobbiamo dare 3-4 proposte concrete che diano il senso di uno scatto. Non rispetto alla segreteria Schlein, che è qui da pochi anni, ma ai 15-20 anni di politiche di sinistra che sono state giudicate insufficienti dagli elettori sulla sicurezza. Confrontiamoci e ascoltiamo i sindacati delle forze di polizia, può essere importante per migliorare le nostre proposte",body,"Francesco Rosano Il presidente dell'Emilia-Romagna: sicurezza, il mio partito faccia 3-4 proposte concrete BOLOGNA Presidente Michele de Pascale, la sua proposta di un patto con il governo sulla sicur",
https://www.corriere.it/politica/26_febbraio_18/de-pascale-io-in-lite-con-il-pd-sui-cpr-dico-che-chi-e-pericoloso-non-puo-rimanere-in-strada-8449aacc-5ed5-43e2-a662-8ed0529c4xlk.shtml,"Per come funziona la politica italiana si dà per scontato sempre che, quando qualcuno dice qualcosa, lo fa per interesse personale. Ma chi mi conosce sa che sto facendo quello che ho sempre sognato di fare, il presidente dell’Emilia-Romagna, e non ho ambizioni diverse. Sulla sicurezza Meloni perderà dei voti, non dobbiamo lasciarli all’astensione o peggio. Per il centrosinistra è una sfida che vale doppio",body,"Francesco Rosano Il presidente dell'Emilia-Romagna: sicurezza, il mio partito faccia 3-4 proposte concrete BOLOGNA Presidente Michele de Pascale, la sua proposta di un patto con il governo sulla sicur",
https://www.corriere.it/politica/26_febbraio_18/de-pascale-io-in-lite-con-il-pd-sui-cpr-dico-che-chi-e-pericoloso-non-puo-rimanere-in-strada-8449aacc-5ed5-43e2-a662-8ed0529c4xlk.shtml,Diario Politico,body,"Francesco Rosano Il presidente dell'Emilia-Romagna: sicurezza, il mio partito faccia 3-4 proposte concrete BOLOGNA Presidente Michele de Pascale, la sua proposta di un patto con il governo sulla sicur",
https://corrieredelveneto.corriere.it/notizie/politica/26_febbraio_18/fratelli-d-italia-rivoluzione-in-veneto-de-carlo-non-e-piu-segretario-regionale-meloni-nomina-speranzon-dc12b6e1-6f19-4fac-b25c-c6fdd4ba3xlk.shtml,addio,body,"Gloria Bertasi Fatali al coordinatore Luca De Carlo (che si è dimesso) i risultati delle elezioni Regionali e le tensioni crescenti su Venezia, attesa dal voto A sinistra Luca De Carlo, in alto a dest",
https://corrieredelveneto.corriere.it/notizie/politica/26_febbraio_18/fratelli-d-italia-rivoluzione-in-veneto-de-carlo-non-e-piu-segretario-regionale-meloni-nomina-speranzon-dc12b6e1-6f19-4fac-b25c-c6fdd4ba3xlk.shtml,"Rimarrò sempre al servizio del partito, ma ritengo esaurito il mio percorso in questo ruolo",body,"Gloria Bertasi Fatali al coordinatore Luca De Carlo (che si è dimesso) i risultati delle elezioni Regionali e le tensioni crescenti su Venezia, attesa dal voto A sinistra Luca De Carlo, in alto a dest",
https://corrieredelveneto.corriere.it/notizie/politica/26_febbraio_18/fratelli-d-italia-rivoluzione-in-veneto-de-carlo-non-e-piu-segretario-regionale-meloni-nomina-speranzon-dc12b6e1-6f19-4fac-b25c-c6fdd4ba3xlk.shtml,"Caro Raffaele — si legge nel documento a firma Giorgia Meloni — ricevuta la lettera di De Carlo e ringraziandolo per il prezioso lavoro svolto sul territorio, ti comunico che ho provveduto a nominarti coordinatore per la regione Veneto. Contestualmente, ti chiedo di nominare come vicecoordinatore Giovine. Sono certa che saprai meritare la fiducia che ti è stata accordata svolgendo il tuo compito nell’interesse del partito e della sua crescita. Ti auguro buon lavoro",body,"Gloria Bertasi Fatali al coordinatore Luca De Carlo (che si è dimesso) i risultati delle elezioni Regionali e le tensioni crescenti su Venezia, attesa dal voto A sinistra Luca De Carlo, in alto a dest",
https://corrieredelveneto.corriere.it/notizie/politica/26_febbraio_18/fratelli-d-italia-rivoluzione-in-veneto-de-carlo-non-e-piu-segretario-regionale-meloni-nomina-speranzon-dc12b6e1-6f19-4fac-b25c-c6fdd4ba3xlk.shtml,In questi anni il partito è cresciuto,body,"Gloria Bertasi Fatali al coordinatore Luca De Carlo (che si è dimesso) i risultati delle elezioni Regionali e le tensioni crescenti su Venezia, attesa dal voto A sinistra Luca De Carlo, in alto a dest",
https://corrieredelveneto.corriere.it/notizie/politica/26_febbraio_18/fratelli-d-italia-rivoluzione-in-veneto-de-carlo-non-e-piu-segretario-regionale-meloni-nomina-speranzon-dc12b6e1-6f19-4fac-b25c-c6fdd4ba3xlk.shtml,Lascio a chi mi succederà una grande realtà che ha dimostrato di essere capace di intercettare le necessità dei cittadini veneti e italiani — dice De Carlo —. In questi sei anni Fratelli d’Italia è cresciuto risultando il primo partito alle elezioni europee e alle politiche del 2022; abbiamo raddoppiato il numero di consiglieri regionali e di iscritti: lascio quindi un partito in ottima salute,body,"Gloria Bertasi Fatali al coordinatore Luca De Carlo (che si è dimesso) i risultati delle elezioni Regionali e le tensioni crescenti su Venezia, attesa dal voto A sinistra Luca De Carlo, in alto a dest",
https://corrieredelveneto.corriere.it/notizie/politica/26_febbraio_18/fratelli-d-italia-rivoluzione-in-veneto-de-carlo-non-e-piu-segretario-regionale-meloni-nomina-speranzon-dc12b6e1-6f19-4fac-b25c-c6fdd4ba3xlk.shtml,"Ha svolto il ruolo di coordinatore con grande dedizione — dice —, buon lavoro a Speranzon e Giovine",body,"Gloria Bertasi Fatali al coordinatore Luca De Carlo (che si è dimesso) i risultati delle elezioni Regionali e le tensioni crescenti su Venezia, attesa dal voto A sinistra Luca De Carlo, in alto a dest",
https://corrieredelveneto.corriere.it/notizie/politica/26_febbraio_18/fratelli-d-italia-rivoluzione-in-veneto-de-carlo-non-e-piu-segretario-regionale-meloni-nomina-speranzon-dc12b6e1-6f19-4fac-b25c-c6fdd4ba3xlk.shtml,sono ancora qui,body,"Gloria Bertasi Fatali al coordinatore Luca De Carlo (che si è dimesso) i risultati delle elezioni Regionali e le tensioni crescenti su Venezia, attesa dal voto A sinistra Luca De Carlo, in alto a dest",
https://corrieredelveneto.corriere.it/notizie/politica/26_febbraio_18/fratelli-d-italia-rivoluzione-in-veneto-de-carlo-non-e-piu-segretario-regionale-meloni-nomina-speranzon-dc12b6e1-6f19-4fac-b25c-c6fdd4ba3xlk.shtml,"Evviva, il Canal Grande è ancora verde",body,"Gloria Bertasi Fatali al coordinatore Luca De Carlo (che si è dimesso) i risultati delle elezioni Regionali e le tensioni crescenti su Venezia, attesa dal voto A sinistra Luca De Carlo, in alto a dest",
https://corrieredelveneto.corriere.it/notizie/politica/26_febbraio_18/fratelli-d-italia-rivoluzione-in-veneto-de-carlo-non-e-piu-segretario-regionale-meloni-nomina-speranzon-dc12b6e1-6f19-4fac-b25c-c6fdd4ba3xlk.shtml,Sono più Hulk o Shrek ? Occhio però che se sono Hulk e mi arrabbio,body,"Gloria Bertasi Fatali al coordinatore Luca De Carlo (che si è dimesso) i risultati delle elezioni Regionali e le tensioni crescenti su Venezia, attesa dal voto A sinistra Luca De Carlo, in alto a dest",
https://corrieredelveneto.corriere.it/notizie/politica/26_febbraio_18/fratelli-d-italia-rivoluzione-in-veneto-de-carlo-non-e-piu-segretario-regionale-meloni-nomina-speranzon-dc12b6e1-6f19-4fac-b25c-c6fdd4ba3xlk.shtml,Tranquilli cambierà a breve,body,"Gloria Bertasi Fatali al coordinatore Luca De Carlo (che si è dimesso) i risultati delle elezioni Regionali e le tensioni crescenti su Venezia, attesa dal voto A sinistra Luca De Carlo, in alto a dest",
https://video.corriere.it/politica/meloni-sul-risarcimento-di-76mila-euro-alla-seawatch-di-rackete-una-decisione-che-lascia-senza-parole-assurdo/b2052668-c038-4fd4-bd03-eda773fc0xlk,Una decisione che lascia senza parole. Assurdo,title,Meloni sul risarcimento di 76mila euro alla Seawatch di Rackete: «Una decisione che lascia senza parole. Assurdo»,
https://video.corriere.it/politica/meloni-sul-risarcimento-di-76mila-euro-alla-seawatch-di-rackete-una-decisione-che-lascia-senza-parole-assurdo/b2052668-c038-4fd4-bd03-eda773fc0xlk,Una decisione che lascia senza parole. Assurdo,body,Meloni sul risarcimento di 76mila euro alla Seawatch di Rackete: «Una decisione che lascia senza parole. Assurdo» Embed ✓ Codice embed copiato negli appunti La premier in un video pubblicato in serata,
https://video.corriere.it/politica/meloni-sul-risarcimento-di-76mila-euro-alla-seawatch-di-rackete-una-decisione-che-lascia-senza-parole-assurdo/b2052668-c038-4fd4-bd03-eda773fc0xlk,"Oggi i giudici prendono un'altra decisione che lascia letteralmente senza parole : hanno condannato lo Stato italiano a risarcire con 76mila euro, sempre degli italiani, la ong proprietaria della nave capitanata dalla Rackete, perché dopo lo speronamento ai danni dei nostri militari l'imbarcazione era stata, giustamente, trattenuta e posta sotto sequestro",body,Meloni sul risarcimento di 76mila euro alla Seawatch di Rackete: «Una decisione che lascia senza parole. Assurdo» Embed ✓ Codice embed copiato negli appunti La premier in un video pubblicato in serata,
https://video.corriere.it/politica/meloni-sul-risarcimento-di-76mila-euro-alla-seawatch-di-rackete-una-decisione-che-lascia-senza-parole-assurdo/b2052668-c038-4fd4-bd03-eda773fc0xlk,Ora mi chiedo – dice la premier – il compito dei magistrati è far rispettare la legge o premiare chi si vanta di non rispettare la legge?,body,Meloni sul risarcimento di 76mila euro alla Seawatch di Rackete: «Una decisione che lascia senza parole. Assurdo» Embed ✓ Codice embed copiato negli appunti La premier in un video pubblicato in serata,
https://video.corriere.it/politica/meloni-sul-risarcimento-di-76mila-euro-alla-seawatch-di-rackete-una-decisione-che-lascia-senza-parole-assurdo/b2052668-c038-4fd4-bd03-eda773fc0xlk,"Il record di Fontana mi ha dato una grande carica. Le olimpiade estive? Vediamo, una cosa alla volta",body,Meloni sul risarcimento di 76mila euro alla Seawatch di Rackete: «Una decisione che lascia senza parole. Assurdo» Embed ✓ Codice embed copiato negli appunti La premier in un video pubblicato in serata,
https://video.corriere.it/politica/meloni-sul-risarcimento-di-76mila-euro-alla-seawatch-di-rackete-una-decisione-che-lascia-senza-parole-assurdo/b2052668-c038-4fd4-bd03-eda773fc0xlk,Guardate lo spreco dei soldi pubblici,body,Meloni sul risarcimento di 76mila euro alla Seawatch di Rackete: «Una decisione che lascia senza parole. Assurdo» Embed ✓ Codice embed copiato negli appunti La premier in un video pubblicato in serata,
https://video.corriere.it/politica/meloni-sul-risarcimento-di-76mila-euro-alla-seawatch-di-rackete-una-decisione-che-lascia-senza-parole-assurdo/b2052668-c038-4fd4-bd03-eda773fc0xlk,Una decisione che lascia senza parole. Assurdo,body,Meloni sul risarcimento di 76mila euro alla Seawatch di Rackete: «Una decisione che lascia senza parole. Assurdo» Embed ✓ Codice embed copiato negli appunti La premier in un video pubblicato in serata,
https://video.corriere.it/politica/meloni-sul-risarcimento-di-76mila-euro-alla-seawatch-di-rackete-una-decisione-che-lascia-senza-parole-assurdo/b2052668-c038-4fd4-bd03-eda773fc0xlk,"La mia presenza è inconsueta, mai qui in 11 anni da capo dello Stato",body,Meloni sul risarcimento di 76mila euro alla Seawatch di Rackete: «Una decisione che lascia senza parole. Assurdo» Embed ✓ Codice embed copiato negli appunti La premier in un video pubblicato in serata,
https://video.corriere.it/politica/meloni-sul-risarcimento-di-76mila-euro-alla-seawatch-di-rackete-una-decisione-che-lascia-senza-parole-assurdo/b2052668-c038-4fd4-bd03-eda773fc0xlk,"Decreto bollette avrà impatto rilevante, risparmi di oltre 5 miliardi",body,Meloni sul risarcimento di 76mila euro alla Seawatch di Rackete: «Una decisione che lascia senza parole. Assurdo» Embed ✓ Codice embed copiato negli appunti La premier in un video pubblicato in serata,
https://video.corriere.it/politica/meloni-sul-risarcimento-di-76mila-euro-alla-seawatch-di-rackete-una-decisione-che-lascia-senza-parole-assurdo/b2052668-c038-4fd4-bd03-eda773fc0xlk,"Io e Fratoianni minacciati, faccio appello ai giovani alla non violenza",body,Meloni sul risarcimento di 76mila euro alla Seawatch di Rackete: «Una decisione che lascia senza parole. Assurdo» Embed ✓ Codice embed copiato negli appunti La premier in un video pubblicato in serata,
https://bari.corriere.it/notizie/politica/26_febbraio_18/vannacci-la-prima-sede-di-futuro-nazionale-e-in-puglia-l-inaugurazione-a-santeramo-in-colle-840ac2bb-d422-4f49-aa84-2bf74585exlk.shtml,La prima sede fisica – scrive – con la presenza di una folta rappresentanza. Grazie a tutti i futuristi. Il futuro è con noi!,body,"Mary Tota All'inaugurazione ha partecipato Rossano Sasso, il parlamentare che ha lasciato la Lega per il progetto politico del generale La Puglia ha un primato: è la prima regione dove Futuro Nazional",
https://bari.corriere.it/notizie/politica/26_febbraio_18/vannacci-la-prima-sede-di-futuro-nazionale-e-in-puglia-l-inaugurazione-a-santeramo-in-colle-840ac2bb-d422-4f49-aa84-2bf74585exlk.shtml,"Sono orgoglioso che nella mia Puglia sia sorta la prima sede fisica di un partito nato solo la scorsa settimana, siamo andati a firmare lo statuto dal notaio solo pochi giorni fa. Sono anche orgoglioso di essere uno dei fondatori dell’unico partito che nel panorama nazionale, rappresenta la vera destra. Sabato 21 febbraio – annuncia Sasso - ci sarà un’altra grande assemblea cittadina a Taranto",body,"Mary Tota All'inaugurazione ha partecipato Rossano Sasso, il parlamentare che ha lasciato la Lega per il progetto politico del generale La Puglia ha un primato: è la prima regione dove Futuro Nazional",
https://bari.corriere.it/notizie/politica/26_febbraio_18/vannacci-la-prima-sede-di-futuro-nazionale-e-in-puglia-l-inaugurazione-a-santeramo-in-colle-840ac2bb-d422-4f49-aa84-2bf74585exlk.shtml,"nasce come un presidio politico e operativo, pensato per essere un luogo di incontro, confronto e progettazione su temi di interesse pubblico. Lo spazio sarà dedicato alle attività politiche del movimento, ma anche alla promozione di iniziative culturali, civiche e informative, in piena coerenza con i valori e le linee programmatiche di Futuro Nazionale",body,"Mary Tota All'inaugurazione ha partecipato Rossano Sasso, il parlamentare che ha lasciato la Lega per il progetto politico del generale La Puglia ha un primato: è la prima regione dove Futuro Nazional",
https://corrieredeltrentino.corriere.it/notizie/politica/26_febbraio_18/sala-da-intitolare-a-clara-marchetto-anche-la-lega-appoggia-gli-autonomisti-l-incognita-della-sfiducia-a-gerosa-fdi-a5c62b68-f856-4ccc-a141-6bc7a2539xlk.shtml,Non so se al momento del voto usciranno posizioni diverse,body,"Alessandro Rigamonti La consigliera provinciale del Carroccio, Stefania Segnana, ha firmato la mozione presentata da Maria Bosin (Patt): «Non so se al momento del voto usciranno posizioni diverse» Seg",
https://corrieredeltrentino.corriere.it/notizie/politica/26_febbraio_18/sala-da-intitolare-a-clara-marchetto-anche-la-lega-appoggia-gli-autonomisti-l-incognita-della-sfiducia-a-gerosa-fdi-a5c62b68-f856-4ccc-a141-6bc7a2539xlk.shtml,"Questo era un tema che avevamo già affrontato durante la riunione tra i capigruppo — dice Segnana —. All’inizio si era detto di fare una targa, ma non c’è nessun problema a intitolarle l’aula",body,"Alessandro Rigamonti La consigliera provinciale del Carroccio, Stefania Segnana, ha firmato la mozione presentata da Maria Bosin (Patt): «Non so se al momento del voto usciranno posizioni diverse» Seg",
https://corrieredeltrentino.corriere.it/notizie/politica/26_febbraio_18/sala-da-intitolare-a-clara-marchetto-anche-la-lega-appoggia-gli-autonomisti-l-incognita-della-sfiducia-a-gerosa-fdi-a5c62b68-f856-4ccc-a141-6bc7a2539xlk.shtml,Quando abbiamo parlato di questo ci avevano fatto avere la biografia di Marchetto dal Museo storico e quindi avevamo tutte le informazioni quando abbiamo deciso di sottoscrivere la prima mozione,body,"Alessandro Rigamonti La consigliera provinciale del Carroccio, Stefania Segnana, ha firmato la mozione presentata da Maria Bosin (Patt): «Non so se al momento del voto usciranno posizioni diverse» Seg",
https://corrieredeltrentino.corriere.it/notizie/politica/26_febbraio_18/sala-da-intitolare-a-clara-marchetto-anche-la-lega-appoggia-gli-autonomisti-l-incognita-della-sfiducia-a-gerosa-fdi-a5c62b68-f856-4ccc-a141-6bc7a2539xlk.shtml,Non so se usciranno posizioni diverse,body,"Alessandro Rigamonti La consigliera provinciale del Carroccio, Stefania Segnana, ha firmato la mozione presentata da Maria Bosin (Patt): «Non so se al momento del voto usciranno posizioni diverse» Seg",
https://corrieredeltrentino.corriere.it/notizie/politica/26_febbraio_18/sala-da-intitolare-a-clara-marchetto-anche-la-lega-appoggia-gli-autonomisti-l-incognita-della-sfiducia-a-gerosa-fdi-a5c62b68-f856-4ccc-a141-6bc7a2539xlk.shtml,prudenza,body,"Alessandro Rigamonti La consigliera provinciale del Carroccio, Stefania Segnana, ha firmato la mozione presentata da Maria Bosin (Patt): «Non so se al momento del voto usciranno posizioni diverse» Seg",
https://roma.corriere.it/notizie/politica/26_febbraio_18/crosetto-festeggia-il-papa-di-bonelli-ex-carabiniere-di-102-anni-aveva-scritto-una-lettera-al-ministro-della-difesa-e-lui-si-e-c0d6c363-5fd6-4b6b-98c0-5950a8cc9xlk.shtml,"Onore a chi, come Luigi Bonelli, ha costruito la nostra Italia in silenzio, con lealtà e dignità",body,"Valentina Santarpia Il padre del leader di Avs ha ricevuto la visita del ministro della Difesa questa mattina alle 8.10. Crosetto: «Onore a chi, come Luigi Bonelli, ha costruito la nostra Italia in si",
https://roma.corriere.it/notizie/politica/26_febbraio_18/crosetto-festeggia-il-papa-di-bonelli-ex-carabiniere-di-102-anni-aveva-scritto-una-lettera-al-ministro-della-difesa-e-lui-si-e-c0d6c363-5fd6-4b6b-98c0-5950a8cc9xlk.shtml,"Ho ricevuto una lettera di un signore, un ex carabiniere che mi ha scritto che oggi avrebbe compiuto 102 anni e avrebbe avuto piacere di prendere il caffè stamattina con il ministro della Difesa. E quindi - ha raccontato lo stesso Crosetto, parlando con i giornalisti in Transatlantico alla Camera - ho preso la macchina e alle 8.10 ero a casa sua a prendere il caffè con lui ad Acilia, vicino Roma. Quel signore è il papà di Angelo Bonelli, e per questo ho dovuto chiedere a lui il permesso per raccontarlo",body,"Valentina Santarpia Il padre del leader di Avs ha ricevuto la visita del ministro della Difesa questa mattina alle 8.10. Crosetto: «Onore a chi, come Luigi Bonelli, ha costruito la nostra Italia in si",
https://roma.corriere.it/notizie/politica/26_febbraio_18/crosetto-festeggia-il-papa-di-bonelli-ex-carabiniere-di-102-anni-aveva-scritto-una-lettera-al-ministro-della-difesa-e-lui-si-e-c0d6c363-5fd6-4b6b-98c0-5950a8cc9xlk.shtml,di cuore,body,"Valentina Santarpia Il padre del leader di Avs ha ricevuto la visita del ministro della Difesa questa mattina alle 8.10. Crosetto: «Onore a chi, come Luigi Bonelli, ha costruito la nostra Italia in si",
https://roma.corriere.it/notizie/politica/26_febbraio_18/crosetto-festeggia-il-papa-di-bonelli-ex-carabiniere-di-102-anni-aveva-scritto-una-lettera-al-ministro-della-difesa-e-lui-si-e-c0d6c363-5fd6-4b6b-98c0-5950a8cc9xlk.shtml,rimasto molto contento della visita,body,"Valentina Santarpia Il padre del leader di Avs ha ricevuto la visita del ministro della Difesa questa mattina alle 8.10. Crosetto: «Onore a chi, come Luigi Bonelli, ha costruito la nostra Italia in si",
https://roma.corriere.it/notizie/politica/26_febbraio_18/crosetto-festeggia-il-papa-di-bonelli-ex-carabiniere-di-102-anni-aveva-scritto-una-lettera-al-ministro-della-difesa-e-lui-si-e-c0d6c363-5fd6-4b6b-98c0-5950a8cc9xlk.shtml,"Ha fatto più piacere a me che a suo padre - ha notato Crosetto -, un uomo di 102 anni che ha fatto la Seconda Guerra Mondiale, ha lavorato per dare la caccia al bandito Giuliano, ha scritto la storia d'Italia e sta di testa molto meglio di me",body,"Valentina Santarpia Il padre del leader di Avs ha ricevuto la visita del ministro della Difesa questa mattina alle 8.10. Crosetto: «Onore a chi, come Luigi Bonelli, ha costruito la nostra Italia in si",
https://roma.corriere.it/notizie/politica/26_febbraio_18/crosetto-festeggia-il-papa-di-bonelli-ex-carabiniere-di-102-anni-aveva-scritto-una-lettera-al-ministro-della-difesa-e-lui-si-e-c0d6c363-5fd6-4b6b-98c0-5950a8cc9xlk.shtml,"Quando partì da Ravanusa, in provincia di Agrigento, diretto a Palermo, sua madre gli diede una valigia piena di pasta e formaggio, che avrebbe dovuto consegnare a sua zia - ricorda il figlio Angelo -. Ma da Palermo i carabinieri lo spedirono subito a Roma, e la valigia se la dovette portare dietro. Nella Capitale incontrò un giovane maresciallo, e scoprendo che era sposato con figli piccoli, la regalò a lui. Quando la aprì, il maresciallo si mise a piangere per la felicità. Era un periodo storico in cui nonostante la guerra nel nostro Paese c'era grande generosità tra le persone",body,"Valentina Santarpia Il padre del leader di Avs ha ricevuto la visita del ministro della Difesa questa mattina alle 8.10. Crosetto: «Onore a chi, come Luigi Bonelli, ha costruito la nostra Italia in si",
https://roma.corriere.it/notizie/politica/26_febbraio_18/crosetto-festeggia-il-papa-di-bonelli-ex-carabiniere-di-102-anni-aveva-scritto-una-lettera-al-ministro-della-difesa-e-lui-si-e-c0d6c363-5fd6-4b6b-98c0-5950a8cc9xlk.shtml,"che ha servito l'Italia in anni difficili, con sacrificio e orgoglio- lo ha definito Crosetto - Grazie per avermi voluto con lei questa mattina, signor Luigi, e grazie per aver reso possibile questo incontro Angelo",body,"Valentina Santarpia Il padre del leader di Avs ha ricevuto la visita del ministro della Difesa questa mattina alle 8.10. Crosetto: «Onore a chi, come Luigi Bonelli, ha costruito la nostra Italia in si",
https://roma.corriere.it/notizie/politica/26_febbraio_18/crosetto-festeggia-il-papa-di-bonelli-ex-carabiniere-di-102-anni-aveva-scritto-una-lettera-al-ministro-della-difesa-e-lui-si-e-c0d6c363-5fd6-4b6b-98c0-5950a8cc9xlk.shtml,"Onore a chi, come Luigi Bonelli, ha costruito la nostra Italia in silenzio, con lealtà e dignità",body,"Valentina Santarpia Il padre del leader di Avs ha ricevuto la visita del ministro della Difesa questa mattina alle 8.10. Crosetto: «Onore a chi, come Luigi Bonelli, ha costruito la nostra Italia in si",
https://corrieredeltrentino.corriere.it/notizie/politica/26_febbraio_18/ginecologia-a-trento-si-cerca-un-gettonista-esperto-in-endometriosi-il-pd-impatto-sulla-qualita-delle-cure-8ba4c78d-bcb9-4b4b-9945-1d4a7c126xlk.shtml,esperto in endometriosi,title,"Ginecologia, a Trento si cerca un gettonista «esperto in endometriosi». Il Pd: «Impatto sulla qualità delle cure»",
https://corrieredeltrentino.corriere.it/notizie/politica/26_febbraio_18/ginecologia-a-trento-si-cerca-un-gettonista-esperto-in-endometriosi-il-pd-impatto-sulla-qualita-delle-cure-8ba4c78d-bcb9-4b4b-9945-1d4a7c126xlk.shtml,Impatto sulla qualità delle cure,title,"Ginecologia, a Trento si cerca un gettonista «esperto in endometriosi». Il Pd: «Impatto sulla qualità delle cure»",
https://corrieredeltrentino.corriere.it/notizie/politica/26_febbraio_18/ginecologia-a-trento-si-cerca-un-gettonista-esperto-in-endometriosi-il-pd-impatto-sulla-qualita-delle-cure-8ba4c78d-bcb9-4b4b-9945-1d4a7c126xlk.shtml,"Qualche mese fa, causa pensionamento, uno dei componenti di questa Unità operativa è venuto a mancare",body,"Matteo Sannicolò L’Azienda sanitaria ha motivato la decisione affermando che sempre più pazienti si sono sottoposte a interventi chirurgici per endometriosi al Santa Chiara, mentre altri casi più comp",
https://corrieredeltrentino.corriere.it/notizie/politica/26_febbraio_18/ginecologia-a-trento-si-cerca-un-gettonista-esperto-in-endometriosi-il-pd-impatto-sulla-qualita-delle-cure-8ba4c78d-bcb9-4b4b-9945-1d4a7c126xlk.shtml,super reperibile,body,"Matteo Sannicolò L’Azienda sanitaria ha motivato la decisione affermando che sempre più pazienti si sono sottoposte a interventi chirurgici per endometriosi al Santa Chiara, mentre altri casi più comp",
https://corrieredeltrentino.corriere.it/notizie/politica/26_febbraio_18/ginecologia-a-trento-si-cerca-un-gettonista-esperto-in-endometriosi-il-pd-impatto-sulla-qualita-delle-cure-8ba4c78d-bcb9-4b4b-9945-1d4a7c126xlk.shtml,"Dopo questo pensionamento — continua la dem —. Il gruppo di super reperibili si è trovato deficitario di un’unità necessaria per far girare i turni. E’ in questo periodo che questa specifica mansione sarebbe stata svolta anche dall’attuale primario: in modo saltuario a differenza di quanto, invece, avveniva con il predecessore",body,"Matteo Sannicolò L’Azienda sanitaria ha motivato la decisione affermando che sempre più pazienti si sono sottoposte a interventi chirurgici per endometriosi al Santa Chiara, mentre altri casi più comp",
https://corrieredeltrentino.corriere.it/notizie/politica/26_febbraio_18/ginecologia-a-trento-si-cerca-un-gettonista-esperto-in-endometriosi-il-pd-impatto-sulla-qualita-delle-cure-8ba4c78d-bcb9-4b4b-9945-1d4a7c126xlk.shtml,scarsa propensione del primario ad assumere la funzione di super reperibile,body,"Matteo Sannicolò L’Azienda sanitaria ha motivato la decisione affermando che sempre più pazienti si sono sottoposte a interventi chirurgici per endometriosi al Santa Chiara, mentre altri casi più comp",
https://corrieredeltrentino.corriere.it/notizie/politica/26_febbraio_18/ginecologia-a-trento-si-cerca-un-gettonista-esperto-in-endometriosi-il-pd-impatto-sulla-qualita-delle-cure-8ba4c78d-bcb9-4b4b-9945-1d4a7c126xlk.shtml,optare per la ricerca di un libero professionista con esperienza,body,"Matteo Sannicolò L’Azienda sanitaria ha motivato la decisione affermando che sempre più pazienti si sono sottoposte a interventi chirurgici per endometriosi al Santa Chiara, mentre altri casi più comp",
https://corrieredeltrentino.corriere.it/notizie/politica/26_febbraio_18/ginecologia-a-trento-si-cerca-un-gettonista-esperto-in-endometriosi-il-pd-impatto-sulla-qualita-delle-cure-8ba4c78d-bcb9-4b4b-9945-1d4a7c126xlk.shtml,"Il modo per mascherare, con la scusa di un presunto bisogno, la finalità vera — sottolinea Parolari —: quella di riuscire a coprire turni di reperibilità che il primario non vuole o non può coprire",body,"Matteo Sannicolò L’Azienda sanitaria ha motivato la decisione affermando che sempre più pazienti si sono sottoposte a interventi chirurgici per endometriosi al Santa Chiara, mentre altri casi più comp",
https://corrieredeltrentino.corriere.it/notizie/politica/26_febbraio_18/ginecologia-a-trento-si-cerca-un-gettonista-esperto-in-endometriosi-il-pd-impatto-sulla-qualita-delle-cure-8ba4c78d-bcb9-4b4b-9945-1d4a7c126xlk.shtml,super reperibile,body,"Matteo Sannicolò L’Azienda sanitaria ha motivato la decisione affermando che sempre più pazienti si sono sottoposte a interventi chirurgici per endometriosi al Santa Chiara, mentre altri casi più comp",
https://corrieredeltrentino.corriere.it/notizie/politica/26_febbraio_18/ginecologia-a-trento-si-cerca-un-gettonista-esperto-in-endometriosi-il-pd-impatto-sulla-qualita-delle-cure-8ba4c78d-bcb9-4b4b-9945-1d4a7c126xlk.shtml,"La decisione di inserire un rapporto di lavoro in libera profession e non sembra, perciò, affatto fondata sulla valutazione oggettiva di elementi organizzativi, gestionali e di appropriatezza — conclude Parolari —. Appare piuttosto un modo per tutelare la comfort zone del responsabile dell’Unità operativa, con impatto assai probabile sul livello di qualità delle cure",body,"Matteo Sannicolò L’Azienda sanitaria ha motivato la decisione affermando che sempre più pazienti si sono sottoposte a interventi chirurgici per endometriosi al Santa Chiara, mentre altri casi più comp",
https://corrieredeltrentino.corriere.it/notizie/politica/26_febbraio_18/liste-d-attesa-in-trentino-c-e-una-zona-grigia-cia-contesta-i-dati-forniti-dall-azienda-sanitaria-971e9066-43ab-4c87-9bb6-47dc0c240xlk.shtml,"Liste d’attesa, in Trentino c’è una zona grigia",title,"«Liste d’attesa, in Trentino c’è una zona grigia», Cia contesta i dati forniti dall’Azienda sanitaria",
https://corrieredeltrentino.corriere.it/notizie/politica/26_febbraio_18/liste-d-attesa-in-trentino-c-e-una-zona-grigia-cia-contesta-i-dati-forniti-dall-azienda-sanitaria-971e9066-43ab-4c87-9bb6-47dc0c240xlk.shtml,"Serve più trasparenza, c'è uno scostamento tra numeri e realtà e si misura",body,"Matteo Sannicolò Dopo la strigliata del ministro Schillaci arriva l’interrogazione di Forza Italia: «Serve più trasparenza, c'è uno scostamento tra numeri e realtà e si misura» Nel riquadro Claudio Ci",
https://corrieredeltrentino.corriere.it/notizie/politica/26_febbraio_18/liste-d-attesa-in-trentino-c-e-una-zona-grigia-cia-contesta-i-dati-forniti-dall-azienda-sanitaria-971e9066-43ab-4c87-9bb6-47dc0c240xlk.shtml,cessare quelle pratiche che consistono nel manipolare i dati per apparire in ordine quando in ordine non si è,body,"Matteo Sannicolò Dopo la strigliata del ministro Schillaci arriva l’interrogazione di Forza Italia: «Serve più trasparenza, c'è uno scostamento tra numeri e realtà e si misura» Nel riquadro Claudio Ci",
https://corrieredeltrentino.corriere.it/notizie/politica/26_febbraio_18/liste-d-attesa-in-trentino-c-e-una-zona-grigia-cia-contesta-i-dati-forniti-dall-azienda-sanitaria-971e9066-43ab-4c87-9bb6-47dc0c240xlk.shtml,"agende pulite sulla carta, liste apparentemente brevi e standard rispettati almeno nei registri",body,"Matteo Sannicolò Dopo la strigliata del ministro Schillaci arriva l’interrogazione di Forza Italia: «Serve più trasparenza, c'è uno scostamento tra numeri e realtà e si misura» Nel riquadro Claudio Ci",
https://corrieredeltrentino.corriere.it/notizie/politica/26_febbraio_18/liste-d-attesa-in-trentino-c-e-una-zona-grigia-cia-contesta-i-dati-forniti-dall-azienda-sanitaria-971e9066-43ab-4c87-9bb6-47dc0c240xlk.shtml,trucchi scandalosi,body,"Matteo Sannicolò Dopo la strigliata del ministro Schillaci arriva l’interrogazione di Forza Italia: «Serve più trasparenza, c'è uno scostamento tra numeri e realtà e si misura» Nel riquadro Claudio Ci",
https://corrieredeltrentino.corriere.it/notizie/politica/26_febbraio_18/liste-d-attesa-in-trentino-c-e-una-zona-grigia-cia-contesta-i-dati-forniti-dall-azienda-sanitaria-971e9066-43ab-4c87-9bb6-47dc0c240xlk.shtml,Una fase che può incidere in modo determinante sull’attesa reale percepita dai cittadini,body,"Matteo Sannicolò Dopo la strigliata del ministro Schillaci arriva l’interrogazione di Forza Italia: «Serve più trasparenza, c'è uno scostamento tra numeri e realtà e si misura» Nel riquadro Claudio Ci",
https://corrieredeltrentino.corriere.it/notizie/politica/26_febbraio_18/liste-d-attesa-in-trentino-c-e-una-zona-grigia-cia-contesta-i-dati-forniti-dall-azienda-sanitaria-971e9066-43ab-4c87-9bb6-47dc0c240xlk.shtml,Rilevazione tempi d’attesa,body,"Matteo Sannicolò Dopo la strigliata del ministro Schillaci arriva l’interrogazione di Forza Italia: «Serve più trasparenza, c'è uno scostamento tra numeri e realtà e si misura» Nel riquadro Claudio Ci",
https://corrieredeltrentino.corriere.it/notizie/politica/26_febbraio_18/liste-d-attesa-in-trentino-c-e-una-zona-grigia-cia-contesta-i-dati-forniti-dall-azienda-sanitaria-971e9066-43ab-4c87-9bb6-47dc0c240xlk.shtml,"Per la prima visita oculistica, la rilevazione 2024 riporta nel secondo semestre un tempo medio d’attesa contenuto, pari a 18 giorni — scrive Cia nella sua interrogazione —. Mentre l’esperienza concreta riportata dai cittadini indica attese nell’ordine di molti mesi, fino a oltre un anno, con un evidente scostamento tra misura e percezione",body,"Matteo Sannicolò Dopo la strigliata del ministro Schillaci arriva l’interrogazione di Forza Italia: «Serve più trasparenza, c'è uno scostamento tra numeri e realtà e si misura» Nel riquadro Claudio Ci",
https://corrieredeltrentino.corriere.it/notizie/politica/26_febbraio_18/liste-d-attesa-in-trentino-c-e-una-zona-grigia-cia-contesta-i-dati-forniti-dall-azienda-sanitaria-971e9066-43ab-4c87-9bb6-47dc0c240xlk.shtml,"Considerando che nel dibattito nazionale è emersa con forza l’esigenza che i dati siano pienamente trasparenti e confrontabili con l’esperienza concreta delle persone, si deve evitare che restino in ombra fasi cruciali del percorso, come quella antecedente alla prenotazione e la presa in carico",body,"Matteo Sannicolò Dopo la strigliata del ministro Schillaci arriva l’interrogazione di Forza Italia: «Serve più trasparenza, c'è uno scostamento tra numeri e realtà e si misura» Nel riquadro Claudio Ci",
https://corrieredeltrentino.corriere.it/notizie/politica/26_febbraio_18/liste-d-attesa-in-trentino-c-e-una-zona-grigia-cia-contesta-i-dati-forniti-dall-azienda-sanitaria-971e9066-43ab-4c87-9bb6-47dc0c240xlk.shtml,non prenotabilità,body,"Matteo Sannicolò Dopo la strigliata del ministro Schillaci arriva l’interrogazione di Forza Italia: «Serve più trasparenza, c'è uno scostamento tra numeri e realtà e si misura» Nel riquadro Claudio Ci",
https://corrieredeltrentino.corriere.it/notizie/politica/26_febbraio_18/liste-d-attesa-in-trentino-c-e-una-zona-grigia-cia-contesta-i-dati-forniti-dall-azienda-sanitaria-971e9066-43ab-4c87-9bb6-47dc0c240xlk.shtml,quante volte e con quali modalità,body,"Matteo Sannicolò Dopo la strigliata del ministro Schillaci arriva l’interrogazione di Forza Italia: «Serve più trasparenza, c'è uno scostamento tra numeri e realtà e si misura» Nel riquadro Claudio Ci",
https://corrieredeltrentino.corriere.it/notizie/politica/26_febbraio_18/liste-d-attesa-in-trentino-c-e-una-zona-grigia-cia-contesta-i-dati-forniti-dall-azienda-sanitaria-971e9066-43ab-4c87-9bb6-47dc0c240xlk.shtml,zona grigia,body,"Matteo Sannicolò Dopo la strigliata del ministro Schillaci arriva l’interrogazione di Forza Italia: «Serve più trasparenza, c'è uno scostamento tra numeri e realtà e si misura» Nel riquadro Claudio Ci",
https://corrieredeltrentino.corriere.it/notizie/politica/26_febbraio_18/liste-d-attesa-in-trentino-c-e-una-zona-grigia-cia-contesta-i-dati-forniti-dall-azienda-sanitaria-971e9066-43ab-4c87-9bb6-47dc0c240xlk.shtml,"Se l’attenzione si concentra solo sul tempo che intercorre tra la prenotazione e la prestazione , rischia di non emergere l’attesa più gravosa: quella precedente, legata alla possibilità stessa di prenotare — conclude Cia —. È in questa “zona grigia” c he si produce lo s costamento tra numeri e realtà e si misura, concretamente, la credibilità del sistema",body,"Matteo Sannicolò Dopo la strigliata del ministro Schillaci arriva l’interrogazione di Forza Italia: «Serve più trasparenza, c'è uno scostamento tra numeri e realtà e si misura» Nel riquadro Claudio Ci",
https://www.repubblica.it/sport/dossier/olimpiadi-invernali/2026/02/18/diretta/olimpiadi_milano_cortina_2026_oggi_medaglie_news-425166259/,La televisione pubblica estone condanna in termini inequivocabili la normalizzazione dei rapporti con la Russia e la Bielorussia in ambito sportivo e denuncia la decisione di consentire agli atleti russi e bielorussi di partecipare ai giochi paralimpici di Milano-Cortina sotto le bandiere dei loro Stati,body,"Olimpiadi in diretta: short track, argento della staffetta donne nei 3000. Bronzo dal fondo a cura di Claudio Cucciatti La staffetta azzurra dei 3000, argento, festeggia con il pubblico del Forum di A",
https://www.repubblica.it/sport/dossier/olimpiadi-invernali/2026/02/18/diretta/olimpiadi_milano_cortina_2026_oggi_medaglie_news-425166259/,"Vediamo vediamo, una cosa per volta",body,"Olimpiadi in diretta: short track, argento della staffetta donne nei 3000. Bronzo dal fondo a cura di Claudio Cucciatti La staffetta azzurra dei 3000, argento, festeggia con il pubblico del Forum di A",
https://www.repubblica.it/sport/dossier/olimpiadi-invernali/2026/02/18/diretta/olimpiadi_milano_cortina_2026_oggi_medaglie_news-425166259/,"assistere alla staffetta femminile dei 3000 dello short track, in cui le azzurre hanno conquistato la medaglia d'argento. Lo ha detto al termine della gara la premier Meloni, presente in tribuna al Forum di Assago. 21:20 Fontana supera Mangiarotti: è l’azzurra con più medaglie olimpiche Arianna Fontana 14, Edoardo Mangiarotti 13. La campionessa dello short track diventa la sportiva italiana con più medaglie olimpiche della storia. Il primo podio a Torino 2006, l’ultimo questa sera con la staffetta dei 3000. 21:12 Staffetta d’argento, festa Italia nei 3000 donne dello short track Un argento stupendo al Forum di Assago di Milano. La staffetta femminile , guidata da Arianna Fontana , ha condotto una grande finale tagliando il traguardo per seconda alle spalle della Corea del Sud . Bronzo al Canada , cadute a metà gara le favorite olandesi. A firmare questa impresa, oltre alla portabandiera, Elisa Confortola, Chiara Betti e Arianna Sighel . Arianna Sighel, (lapresse) 20:55 Sighel lascia il Forum tra le polemiche: niente finale B Dopo l’esclusione dalla finale dei 500 uomini Pietro Sighel , caduto dopo un contatto con il canadese Maxime Laoun , si è sfilato i pattini, si è messo le scarpe e ha lasciato in silenzio e scuro in volto il Forum di Assago senza disputare la finale B . Mentre il pubblico continuava a contestare la decisione dei giudici, che hanno definito la responsabilità del contatto “condivisa”. Sighel eliminato nei 500 dello short track, scappa via polemico. Federazione: sempre lo stesso giudice 20:49 Sighel fuori dalla finale Un’altra serata no per Pietro Sighel . L’azzurro, in corsa per la finale dei 500 metri dello short track fino a due giri alla fine, è finito a terra in seguito a un contatto con il canadese Maxime Laoun . Per i giudici si è trattato di un contatto la cui responsabilità va “condivisa” tra i due atleti. 20:31 Meloni al Forum di Assago per lo short track Ad assistere alle gare dello short track al Forum di Assago di Milano – la finale della staffetta donne dei 3000 e quella dei 500 uomini – è presente anche la premier Giorgia Meloni . La premier Meloni al Forum di Assago con Malagò (reuters) 20:30 Short track, Sighel in semifinale dei 500 Pietro Sighel è l’unico azzurro a guadagnarsi la semifinale dei 500 metri dello short track . Ai quarti escono invece di scena Thomas Nadalini e Lorenzo Previtali . Pietro Sighel in gara (lapresse) 19:25 Hockey su ghiaccio, il Canada in semifinale col brivido Il Canada accede alle semifinali del torneo di hockey su ghiaccio . La nazionale nordamericana ha superato 4-3 la Repubblica Ceca al termine di una partita decisa all'overtime con la rete di Mitch Marner . In semifinale anche la Slovacchia , che supera la Germania 6-2. La festa dei giocatori del Canada (afp) 18:34 La Russia sogna di tornare sul podio con Adeliia Petrosian Fino a martedì sera Adeliia Petrosian non aveva mai gareggiato in un grande evento internazionale (ad eccezione delle gare di qualificazione olimpica) fuori dal suo Paese. È stata lei, assieme alla connazionale Viktoria Safonova, la prima pattinatrice russa a esibirsi in una competizione internazionale dopo le Olimpiadi di Pechino 2022 a causa dello stop imposto dal Cio agli atleti di Mosca dopo l'invasione dell'Ucraina, iniziata nelle ore successive al termine dei Giochi cinesi. LEGGI L’ARTICOLO Adeliia Petrosian, la Russia sogna di tornare sul podio dal nostro inviato Cosimo Cito 16:35 Curling, azzurri battuti 8-3 dal Canada L' Italia perde 8-3 contro il Canada nel torneo di curling maschile , ma resta ancora in corsa per la semifinale. Decisiva sarà la partita di domani mattina alle 9.05 contro la Svizzera , in testa al girone e già qualificata per la semifinale. 16:19 Snowboard, nello slopestyle oro e bronzo per il Giappone Mari Fukada vince l'oro nella finale femminile di slopestyle nello snowboard . La giapponese trova la run giusta al terzo tentativo (87,83) e batte la neozelandese Zoi Sadowski Synnott , campionessa uscente e seconda a Livigno nel Big Air (argento, 87,48) e la connazionale Kokomo Murase (bronzo, 85,80). Il podio dello slopestyle 16:03 Biathlon, azzurre male in staffetta. Oro alla Francia La staffetta femminile del biathlon è un vero disastro per l’ Italia : Auchentaller, Wierer, Carrara e Vittozzi chiudono all’11° posto, con una valanga di errori al poligono (13 alla fine, con due giri di penalità, solo Lettonia e Austria peggio) e sci lenti: 3’54” il distacco all’arrivo. C’erano grandi aspettative, andate in fumo dopo la frazione di Wierer (3 errori a terra, giro di penalità). Il resto è stato trascinamento. Ancora un successo per la Francia (Bened, Jeanmonnot, Michelon, Simon), attardata dal giro di penalità della prima frazionista, ma poi sempre davanti. Terzo oro per Julia Simon, tra i grandi protagonisti di questi Giochi. Argento alla Svezia , bronzo alla Norvegia . La Francia ha vinto 5 dei suoi 6 ori totali ai Giochi di Milano Cortina nel biathlon. Una poche sconfitte porta la firma di Lisa Vittozzi nell’inseguimento. Il programma si chiuderà venerdì e sabato con le due mass start. Rebecca Passler era allo stadio. Julia Simon (afp) 15:36 Freestyle, nell’aerials donne oro e bronzo per la Cina Oro e bronzo per la Cina nella finale olimpica degli aerials di freestyle donne a Livigno. Xu Mengtao conferma il titolo di quattro anni fa e con il punteggio di 112.90 domina la finale, lasciandosi alle spalle l'australiana Danielle Scott (argento con 102.17) e la connazionale Shaq Qi (bronzo con 101.90). Xu Mengtao e Shaq Qi 15:23 Klaebo rende omaggio a Pellegrino Un gigante anche fuori dalle piste. Johannes Klaebo ha reso omaggio a Federico Pellegrino , che chiuderà la carriera con le Olimpiadi di casa.",body,"Olimpiadi in diretta: short track, argento della staffetta donne nei 3000. Bronzo dal fondo a cura di Claudio Cucciatti La staffetta azzurra dei 3000, argento, festeggia con il pubblico del Forum di A",
https://www.repubblica.it/sport/dossier/olimpiadi-invernali/2026/02/18/diretta/olimpiadi_milano_cortina_2026_oggi_medaglie_news-425166259/,". 15:16 Shiffrin d’oro, maledizione finita dopo 12 anni È finita la maledizione. Mikaela Shiffrin , 30 anni, 108 vittorie in Coppa del Mondo, ritrova il suo posto da dominatrice anche alle Olimpiadi . Otto anni dopo la medaglia d’oro di PyeongChang 2018 in gigante e 12 dopo quella di Sochi 2014 in slalom, l'americana non si fa schiacciare dal ruolo di favorita e dalle gare precedenti terminate senza medaglie, vincendo lo slalom speciale col distacco che fotografa la sua superiorità: un secondo e 50 spaccato. Medaglia d’argento per la svizzera Camille Rast , bronzo alla svedese Anna Swenn Larsson . Miglior azzurra Marta Peterlini 13ª a pari merito con Lara Della Mea . LEGGI L’ARTICOLO Shiffrin, fine della maledizione: oro in slalom 12 anni dopo Sochi dal nostro inviato Mattia Chiusano 14:30 Shiffrin vince l’oro nello slalom Non poteva lasciare Cortina senza una medaglia. Mikaela Shiffrin vince l’oro dodici anni dopo l’ultima volta ed è la nuova campionessa olimpica dello slalom femminile . Gara senza storia, dominio della statunitense fin dalla prima manche. Argento alla svizzera Camille Rast , seconda a un secondo e cinquanta. Bronzo alla svedese Swenn Larsson . Dramma sportivo per la tedesca Duerr che, penultima a scendere e in odore di podio, è finita fuori dalla pista. Tredicesime le azzurre Peterlini e Della Mea , al traguardo finale con un crono identico. Mikaela Shiffrin (afp) 14:25 Duerr fuori La tedesca Lena Duerr sbaglia la traiettoria dopo poche curve e getta via una medaglia. 14:23 Rast sul podio Svizzera a medaglia con Camille Rast . È in testa allo slalom quando mancano solo Duerr e Shiffrin. 14:14 Slalom, Truppe in testa Devono ancora scendere le migliori sette della prima manche, tra cui Shiffrin. In testa allo slalom femminile, al momento, le austriache Truppe e Huber . None con lo stesso tempo Peterlini e Della Mea . 13:34 Slalom donne, inizia la seconda manche Comincia adesso la seconda manche dello slalom donne . Mikaela Shiffrin , che ha dominato la prima parte di gara, vuole a tutti i costi una medaglia per non restare a secco a Milano Cortina. 13:24 Pellegrino: “Posso ritirarmi in pace. Noi vecchietti al massimo grazie a disciplina e testa” Fantastico bis dell’Italfondo nella Team Sprint maschile sul circuito attorno al lago di Tesero. Dopo il bronzo nella staffetta 4x7,5 chilometri , la coppia formata dal valdostano Federico Pellegrino e dal bellunese Elia Barp si conferma al terzo posto cedendo l’argento agli Usa e l’oro all’inarrivabile duo norvegese formato da Einer Hedegart e Johannes Klaebo : il re incontrastato degli sci stretti è al suo quinto oro in questi Giochi e all’undicesimo in totale, primato storico. Medaglia d’argento a sorpresa alla coppia statunitense Ogden-Schumacher, che ha relegato la Svizzera al quinto posto. LEGGI L’ARTICOLO Dal fondo un’altra gioia, Barp-Pellegrino bronzo nella Sprint dal nostro inviato Giampaolo Visetti 12:36 Italia del fondo di bronzo! Pellegrino e Barp terzi nella team sprint Una medaglia di bronzo conquistata con grande grinta negli ultimi metri. L’ Italia è terza nella team sprint uomini dello sci di fondo grazie al portabandiera Federico Pellegrino e a Elia Barp . Oro alla Norvegia di Klaebo – il decimo nella sua leggendaria carriera , il quinto in questa edizione dei Giochi –, argento agli Stati Uniti . L'esultanza di Federico Pellegrino (reuters) 12:10 Sci di fondo, nella team sprint donne oro alla Svezia La Svezia vince la team sprint femminile di fondo . A Tesero Jonna Sundling e Maja Dahlqvist chiudono in 20'29",body,"Olimpiadi in diretta: short track, argento della staffetta donne nei 3000. Bronzo dal fondo a cura di Claudio Cucciatti La staffetta azzurra dei 3000, argento, festeggia con il pubblico del Forum di A",
https://www.repubblica.it/sport/dossier/olimpiadi-invernali/2026/02/18/diretta/olimpiadi_milano_cortina_2026_oggi_medaglie_news-425166259/,"4 la Svizzera , argento, e di 5",body,"Olimpiadi in diretta: short track, argento della staffetta donne nei 3000. Bronzo dal fondo a cura di Claudio Cucciatti La staffetta azzurra dei 3000, argento, festeggia con il pubblico del Forum di A",
https://www.repubblica.it/sport/dossier/olimpiadi-invernali/2026/02/18/diretta/olimpiadi_milano_cortina_2026_oggi_medaglie_news-425166259/,dio del quadruplo,body,"Olimpiadi in diretta: short track, argento della staffetta donne nei 3000. Bronzo dal fondo a cura di Claudio Cucciatti La staffetta azzurra dei 3000, argento, festeggia con il pubblico del Forum di A",
https://www.repubblica.it/sport/dossier/olimpiadi-invernali/2026/02/18/diretta/olimpiadi_milano_cortina_2026_oggi_medaglie_news-425166259/,"solo perché avesse qualcuno – ha raccontato Biles – che potesse confermare i suoi sentimenti, e sapere che abbiamo attraversato le stesse cose, ma che si può comunque uscirne vincitori",body,"Olimpiadi in diretta: short track, argento della staffetta donne nei 3000. Bronzo dal fondo a cura di Claudio Cucciatti La staffetta azzurra dei 3000, argento, festeggia con il pubblico del Forum di A",
https://www.repubblica.it/sport/dossier/olimpiadi-invernali/2026/02/18/diretta/olimpiadi_milano_cortina_2026_oggi_medaglie_news-425166259/,disconnessione,body,"Olimpiadi in diretta: short track, argento della staffetta donne nei 3000. Bronzo dal fondo a cura di Claudio Cucciatti La staffetta azzurra dei 3000, argento, festeggia con il pubblico del Forum di A",
https://www.repubblica.it/sport/dossier/olimpiadi-invernali/2026/02/18/diretta/olimpiadi_milano_cortina_2026_oggi_medaglie_news-425166259/,demoni,body,"Olimpiadi in diretta: short track, argento della staffetta donne nei 3000. Bronzo dal fondo a cura di Claudio Cucciatti La staffetta azzurra dei 3000, argento, festeggia con il pubblico del Forum di A",
https://www.repubblica.it/sport/dossier/olimpiadi-invernali/2026/02/18/diretta/olimpiadi_milano_cortina_2026_oggi_medaglie_news-425166259/,"Mentre gli raccontavo cosa pensavo stesse attraversando – ha riferito – e come provare a superare tutto e andare avanti, lui mi ha risposto: 'Esatto. Esatto'. Ha detto una cosa tipo: 'Finalmente l'hai detto’",body,"Olimpiadi in diretta: short track, argento della staffetta donne nei 3000. Bronzo dal fondo a cura di Claudio Cucciatti La staffetta azzurra dei 3000, argento, festeggia con il pubblico del Forum di A",
https://www.repubblica.it/sport/dossier/olimpiadi-invernali/2026/02/18/diretta/olimpiadi_milano_cortina_2026_oggi_medaglie_news-425166259/,"38 dagli Usa e alle spalle del duo norvegese Hedegart-Klaebo. La finale è programmata per le 12.15 a Tesero. Federico Pellegrino (afp) 10:49 Slalom, la classifica dopo le prime trenta Ecco la classifica provvisoria dello slalom femminile dopo la prima manche. Sono scese le prime trenta atlete. 1 Mikaela Shiffrin – Stati Uniti – 47’’13 2 Lena Duerr – Germania – 47’’95 (+0.82) 3 Cornelia Oehlund – Svezia – 48’’13 (+1.00) 4 Camille Rast – Svizzera – 48’’18 (+1.05) 5 Anna Swenn Larsson – Svezia – 48’’29 (+1.16) 5 Wendy Holdener – Svizzera – 48’’29 (+1.16) 7 Lara Colturi – Albania – 48’’39 (+1.26) 8 Emma Aicher – Germania – 48’’45 (+1.32) 9 Katharina Huber – Austria – 48’’68 (+1.55) 10 Katharina Truppe – Austria – 48’’77 (+1.64) 11 Sara Hector – Svezia – 48’’84 (+1.71) 12 Caitlin McFarlane – Francia – 48’’88 (+1.72) 13 Marie Lamure – Francia – 49’’03 (+1.90) 14 Melanie Meillard – Svizzera – 49’’07 (+1.94) 15 Lara Della Mea – Italia – 49’’14 (+2.01) 10:40 Peterlini diciottesima Martina Peterlini chiude al 18° posto. Shiffrin è lontana 2’’54, la compagna di squadra Della Mea 0’’53. 10:31 Sci di fondo, Ganz e Pinter in finale nella team sprint Caterina Ganz e Iris De Martin Pinter si sono qualificate per la finale della team sprint di sci di fondo . Le azzurre hanno chiuso la qualificazione al nono posto, in ritardo di 21’’25 dalle svedesi leader della classifica. In seconda piazza la Finlandia, seguita da Canada, Svizzera e Norvegia. Iris de Martin Pinter 10:27 Tredicesima Della Mea Lara Della Mea conclude una prima manche faticosa al 13° posto, a 2’’01 dalla leader della classifica Shiffrin. 10:21 Oehlund terza Ottima prima manche della svedese Cornelia Oehlund , terza a un secondo da Shiffrin. 10:16 Aicher lontana da Shiffrin La tedesca Emma Aicher chiude la prima manche al sesto posto. Shiffrin lontana 1’’32. 10:11 Shiffrin vola Che prima manche di Mikaela Shiffrin . La statunitense migliora di 82 centesimi il crono di Duerr. 10:10 Super tempo di Duerr La tedesca Lena Duerr balza in testa alla calssifica per 21 centesimi. 10:08 Holdener seconda Al momento la svizzera domina lo slalom: Wendy Holdener è seconda alle spalle della connazionale Rast. 10:07 Rast in testa La svizzera Camilla Rast è passata al comando dopo aver tagliato il traguardo 21 centesimi prima di Colturi. 10:04 Moltzan lontana da Colturi La statunitense Paula Moltzan chiude la prima manche a 1’’51 da Colturi. 10:01 Colturi la prima a scendere Lara Colturi , che gareggia per l’Albania, è stata la prima atleta ad affrontare lo slalom. Tempo: 48’’39. 09:57 L’ultima occasione per Shiffrin Oggi si chiude il programma di sci alpino. Lo slalom femminile è l’ultima occasione per la campionessa americana Mikaela Shiffrin per non lasciare Cortina a mani vuote. 09:53 Slalom donne, i pettorali delle azzurre Le azzurre in gara nello slalom femminile sono Lara Della Mea , che scenderà con il pettorale numero 16, Martina Peterlini con il 24 e Anna Trocker con il 41. 09:36 I Giochi fanno il pieno di ascolti in tv Curling e pattini firmano il boom degli ascolti tv dal nostro inviato Matteo Macor 09:12 Il racconto dell’oro azzurro nel pattinaggio di velocità Davide Ghiotto, Andrea Giovannini e Michele Malfatti, chi sono i tre azzurri che hanno vinto l’oro nell'inseguimento del pattinaggio di velocità. Tre uomini dietro alla medaglia d’oro. Ghiotto: “Ho fatto sport per dimagrire e piacere alle ragazze” di Maurizio Crosetti 09:07 Italia a caccia di altre medaglie Dallo short track al biathlon, le gare in cui gli azzurri possono puntare al podio. Milano Cortina 2026, il programma di mercoledì 18 febbraio e gli azzurri in gara. Dove vederli in tv di Jacopo Manfredi Argomenti olimpiadi Video in evidenza Giorgia Meloni, nuovo attacco ai giudici:",body,"Olimpiadi in diretta: short track, argento della staffetta donne nei 3000. Bronzo dal fondo a cura di Claudio Cucciatti La staffetta azzurra dei 3000, argento, festeggia con il pubblico del Forum di A",
https://www.repubblica.it/sport/dossier/olimpiadi-invernali/2026/02/18/diretta/olimpiadi_milano_cortina_2026_oggi_medaglie_news-425166259/,La televisione pubblica estone condanna in termini inequivocabili la normalizzazione dei rapporti con la Russia e la Bielorussia in ambito sportivo e denuncia la decisione di consentire agli atleti russi e bielorussi di partecipare ai giochi paralimpici di Milano-Cortina sotto le bandiere dei loro Stati,body,"Olimpiadi in diretta: short track, argento della staffetta donne nei 3000. Bronzo dal fondo a cura di Claudio Cucciatti La staffetta azzurra dei 3000, argento, festeggia con il pubblico del Forum di A",
https://www.repubblica.it/sport/dossier/olimpiadi-invernali/2026/02/18/diretta/olimpiadi_milano_cortina_2026_oggi_medaglie_news-425166259/,"Vediamo vediamo, una cosa per volta",body,"Olimpiadi in diretta: short track, argento della staffetta donne nei 3000. Bronzo dal fondo a cura di Claudio Cucciatti La staffetta azzurra dei 3000, argento, festeggia con il pubblico del Forum di A",
https://www.repubblica.it/sport/dossier/olimpiadi-invernali/2026/02/18/diretta/olimpiadi_milano_cortina_2026_oggi_medaglie_news-425166259/,"assistere alla staffetta femminile dei 3000 dello short track, in cui le azzurre hanno conquistato la medaglia d'argento. Lo ha detto al termine della gara la premier Meloni, presente in tribuna al Forum di Assago. 21:20 Fontana supera Mangiarotti: è l’azzurra con più medaglie olimpiche Arianna Fontana 14, Edoardo Mangiarotti 13. La campionessa dello short track diventa la sportiva italiana con più medaglie olimpiche della storia. Il primo podio a Torino 2006, l’ultimo questa sera con la staffetta dei 3000. 21:12 Staffetta d’argento, festa Italia nei 3000 donne dello short track Un argento stupendo al Forum di Assago di Milano. La staffetta femminile , guidata da Arianna Fontana , ha condotto una grande finale tagliando il traguardo per seconda alle spalle della Corea del Sud . Bronzo al Canada , cadute a metà gara le favorite olandesi. A firmare questa impresa, oltre alla portabandiera, Elisa Confortola, Chiara Betti e Arianna Sighel . Arianna Sighel, (lapresse) 20:55 Sighel lascia il Forum tra le polemiche: niente finale B Dopo l’esclusione dalla finale dei 500 uomini Pietro Sighel , caduto dopo un contatto con il canadese Maxime Laoun , si è sfilato i pattini, si è messo le scarpe e ha lasciato in silenzio e scuro in volto il Forum di Assago senza disputare la finale B . Mentre il pubblico continuava a contestare la decisione dei giudici, che hanno definito la responsabilità del contatto “condivisa”. Sighel eliminato nei 500 dello short track, scappa via polemico. Federazione: sempre lo stesso giudice 20:49 Sighel fuori dalla finale Un’altra serata no per Pietro Sighel . L’azzurro, in corsa per la finale dei 500 metri dello short track fino a due giri alla fine, è finito a terra in seguito a un contatto con il canadese Maxime Laoun . Per i giudici si è trattato di un contatto la cui responsabilità va “condivisa” tra i due atleti. 20:31 Meloni al Forum di Assago per lo short track Ad assistere alle gare dello short track al Forum di Assago di Milano – la finale della staffetta donne dei 3000 e quella dei 500 uomini – è presente anche la premier Giorgia Meloni . La premier Meloni al Forum di Assago con Malagò (reuters) 20:30 Short track, Sighel in semifinale dei 500 Pietro Sighel è l’unico azzurro a guadagnarsi la semifinale dei 500 metri dello short track . Ai quarti escono invece di scena Thomas Nadalini e Lorenzo Previtali . Pietro Sighel in gara (lapresse) 19:25 Hockey su ghiaccio, il Canada in semifinale col brivido Il Canada accede alle semifinali del torneo di hockey su ghiaccio . La nazionale nordamericana ha superato 4-3 la Repubblica Ceca al termine di una partita decisa all'overtime con la rete di Mitch Marner . In semifinale anche la Slovacchia , che supera la Germania 6-2. La festa dei giocatori del Canada (afp) 18:34 La Russia sogna di tornare sul podio con Adeliia Petrosian Fino a martedì sera Adeliia Petrosian non aveva mai gareggiato in un grande evento internazionale (ad eccezione delle gare di qualificazione olimpica) fuori dal suo Paese. È stata lei, assieme alla connazionale Viktoria Safonova, la prima pattinatrice russa a esibirsi in una competizione internazionale dopo le Olimpiadi di Pechino 2022 a causa dello stop imposto dal Cio agli atleti di Mosca dopo l'invasione dell'Ucraina, iniziata nelle ore successive al termine dei Giochi cinesi. LEGGI L’ARTICOLO Adeliia Petrosian, la Russia sogna di tornare sul podio dal nostro inviato Cosimo Cito 16:35 Curling, azzurri battuti 8-3 dal Canada L' Italia perde 8-3 contro il Canada nel torneo di curling maschile , ma resta ancora in corsa per la semifinale. Decisiva sarà la partita di domani mattina alle 9.05 contro la Svizzera , in testa al girone e già qualificata per la semifinale. 16:19 Snowboard, nello slopestyle oro e bronzo per il Giappone Mari Fukada vince l'oro nella finale femminile di slopestyle nello snowboard . La giapponese trova la run giusta al terzo tentativo (87,83) e batte la neozelandese Zoi Sadowski Synnott , campionessa uscente e seconda a Livigno nel Big Air (argento, 87,48) e la connazionale Kokomo Murase (bronzo, 85,80). Il podio dello slopestyle 16:03 Biathlon, azzurre male in staffetta. Oro alla Francia La staffetta femminile del biathlon è un vero disastro per l’ Italia : Auchentaller, Wierer, Carrara e Vittozzi chiudono all’11° posto, con una valanga di errori al poligono (13 alla fine, con due giri di penalità, solo Lettonia e Austria peggio) e sci lenti: 3’54” il distacco all’arrivo. C’erano grandi aspettative, andate in fumo dopo la frazione di Wierer (3 errori a terra, giro di penalità). Il resto è stato trascinamento. Ancora un successo per la Francia (Bened, Jeanmonnot, Michelon, Simon), attardata dal giro di penalità della prima frazionista, ma poi sempre davanti. Terzo oro per Julia Simon, tra i grandi protagonisti di questi Giochi. Argento alla Svezia , bronzo alla Norvegia . La Francia ha vinto 5 dei suoi 6 ori totali ai Giochi di Milano Cortina nel biathlon. Una poche sconfitte porta la firma di Lisa Vittozzi nell’inseguimento. Il programma si chiuderà venerdì e sabato con le due mass start. Rebecca Passler era allo stadio. Julia Simon (afp) 15:36 Freestyle, nell’aerials donne oro e bronzo per la Cina Oro e bronzo per la Cina nella finale olimpica degli aerials di freestyle donne a Livigno. Xu Mengtao conferma il titolo di quattro anni fa e con il punteggio di 112.90 domina la finale, lasciandosi alle spalle l'australiana Danielle Scott (argento con 102.17) e la connazionale Shaq Qi (bronzo con 101.90). Xu Mengtao e Shaq Qi 15:23 Klaebo rende omaggio a Pellegrino Un gigante anche fuori dalle piste. Johannes Klaebo ha reso omaggio a Federico Pellegrino , che chiuderà la carriera con le Olimpiadi di casa.",body,"Olimpiadi in diretta: short track, argento della staffetta donne nei 3000. Bronzo dal fondo a cura di Claudio Cucciatti La staffetta azzurra dei 3000, argento, festeggia con il pubblico del Forum di A",
https://www.repubblica.it/sport/dossier/olimpiadi-invernali/2026/02/18/diretta/olimpiadi_milano_cortina_2026_oggi_medaglie_news-425166259/,". 15:16 Shiffrin d’oro, maledizione finita dopo 12 anni È finita la maledizione. Mikaela Shiffrin , 30 anni, 108 vittorie in Coppa del Mondo, ritrova il suo posto da dominatrice anche alle Olimpiadi . Otto anni dopo la medaglia d’oro di PyeongChang 2018 in gigante e 12 dopo quella di Sochi 2014 in slalom, l'americana non si fa schiacciare dal ruolo di favorita e dalle gare precedenti terminate senza medaglie, vincendo lo slalom speciale col distacco che fotografa la sua superiorità: un secondo e 50 spaccato. Medaglia d’argento per la svizzera Camille Rast , bronzo alla svedese Anna Swenn Larsson . Miglior azzurra Marta Peterlini 13ª a pari merito con Lara Della Mea . LEGGI L’ARTICOLO Shiffrin, fine della maledizione: oro in slalom 12 anni dopo Sochi dal nostro inviato Mattia Chiusano 14:30 Shiffrin vince l’oro nello slalom Non poteva lasciare Cortina senza una medaglia. Mikaela Shiffrin vince l’oro dodici anni dopo l’ultima volta ed è la nuova campionessa olimpica dello slalom femminile . Gara senza storia, dominio della statunitense fin dalla prima manche. Argento alla svizzera Camille Rast , seconda a un secondo e cinquanta. Bronzo alla svedese Swenn Larsson . Dramma sportivo per la tedesca Duerr che, penultima a scendere e in odore di podio, è finita fuori dalla pista. Tredicesime le azzurre Peterlini e Della Mea , al traguardo finale con un crono identico. Mikaela Shiffrin (afp) 14:25 Duerr fuori La tedesca Lena Duerr sbaglia la traiettoria dopo poche curve e getta via una medaglia. 14:23 Rast sul podio Svizzera a medaglia con Camille Rast . È in testa allo slalom quando mancano solo Duerr e Shiffrin. 14:14 Slalom, Truppe in testa Devono ancora scendere le migliori sette della prima manche, tra cui Shiffrin. In testa allo slalom femminile, al momento, le austriache Truppe e Huber . None con lo stesso tempo Peterlini e Della Mea . 13:34 Slalom donne, inizia la seconda manche Comincia adesso la seconda manche dello slalom donne . Mikaela Shiffrin , che ha dominato la prima parte di gara, vuole a tutti i costi una medaglia per non restare a secco a Milano Cortina. 13:24 Pellegrino: “Posso ritirarmi in pace. Noi vecchietti al massimo grazie a disciplina e testa” Fantastico bis dell’Italfondo nella Team Sprint maschile sul circuito attorno al lago di Tesero. Dopo il bronzo nella staffetta 4x7,5 chilometri , la coppia formata dal valdostano Federico Pellegrino e dal bellunese Elia Barp si conferma al terzo posto cedendo l’argento agli Usa e l’oro all’inarrivabile duo norvegese formato da Einer Hedegart e Johannes Klaebo : il re incontrastato degli sci stretti è al suo quinto oro in questi Giochi e all’undicesimo in totale, primato storico. Medaglia d’argento a sorpresa alla coppia statunitense Ogden-Schumacher, che ha relegato la Svizzera al quinto posto. LEGGI L’ARTICOLO Dal fondo un’altra gioia, Barp-Pellegrino bronzo nella Sprint dal nostro inviato Giampaolo Visetti 12:36 Italia del fondo di bronzo! Pellegrino e Barp terzi nella team sprint Una medaglia di bronzo conquistata con grande grinta negli ultimi metri. L’ Italia è terza nella team sprint uomini dello sci di fondo grazie al portabandiera Federico Pellegrino e a Elia Barp . Oro alla Norvegia di Klaebo – il decimo nella sua leggendaria carriera , il quinto in questa edizione dei Giochi –, argento agli Stati Uniti . L'esultanza di Federico Pellegrino (reuters) 12:10 Sci di fondo, nella team sprint donne oro alla Svezia La Svezia vince la team sprint femminile di fondo . A Tesero Jonna Sundling e Maja Dahlqvist chiudono in 20'29",body,"Olimpiadi in diretta: short track, argento della staffetta donne nei 3000. Bronzo dal fondo a cura di Claudio Cucciatti La staffetta azzurra dei 3000, argento, festeggia con il pubblico del Forum di A",
https://www.repubblica.it/sport/dossier/olimpiadi-invernali/2026/02/18/diretta/olimpiadi_milano_cortina_2026_oggi_medaglie_news-425166259/,"4 la Svizzera , argento, e di 5",body,"Olimpiadi in diretta: short track, argento della staffetta donne nei 3000. Bronzo dal fondo a cura di Claudio Cucciatti La staffetta azzurra dei 3000, argento, festeggia con il pubblico del Forum di A",
https://www.repubblica.it/sport/dossier/olimpiadi-invernali/2026/02/18/diretta/olimpiadi_milano_cortina_2026_oggi_medaglie_news-425166259/,dio del quadruplo,body,"Olimpiadi in diretta: short track, argento della staffetta donne nei 3000. Bronzo dal fondo a cura di Claudio Cucciatti La staffetta azzurra dei 3000, argento, festeggia con il pubblico del Forum di A",
https://www.repubblica.it/sport/dossier/olimpiadi-invernali/2026/02/18/diretta/olimpiadi_milano_cortina_2026_oggi_medaglie_news-425166259/,"solo perché avesse qualcuno – ha raccontato Biles – che potesse confermare i suoi sentimenti, e sapere che abbiamo attraversato le stesse cose, ma che si può comunque uscirne vincitori",body,"Olimpiadi in diretta: short track, argento della staffetta donne nei 3000. Bronzo dal fondo a cura di Claudio Cucciatti La staffetta azzurra dei 3000, argento, festeggia con il pubblico del Forum di A",
https://www.repubblica.it/sport/dossier/olimpiadi-invernali/2026/02/18/diretta/olimpiadi_milano_cortina_2026_oggi_medaglie_news-425166259/,disconnessione,body,"Olimpiadi in diretta: short track, argento della staffetta donne nei 3000. Bronzo dal fondo a cura di Claudio Cucciatti La staffetta azzurra dei 3000, argento, festeggia con il pubblico del Forum di A",
https://www.repubblica.it/sport/dossier/olimpiadi-invernali/2026/02/18/diretta/olimpiadi_milano_cortina_2026_oggi_medaglie_news-425166259/,demoni,body,"Olimpiadi in diretta: short track, argento della staffetta donne nei 3000. Bronzo dal fondo a cura di Claudio Cucciatti La staffetta azzurra dei 3000, argento, festeggia con il pubblico del Forum di A",
https://www.repubblica.it/sport/dossier/olimpiadi-invernali/2026/02/18/diretta/olimpiadi_milano_cortina_2026_oggi_medaglie_news-425166259/,"Mentre gli raccontavo cosa pensavo stesse attraversando – ha riferito – e come provare a superare tutto e andare avanti, lui mi ha risposto: 'Esatto. Esatto'. Ha detto una cosa tipo: 'Finalmente l'hai detto’",body,"Olimpiadi in diretta: short track, argento della staffetta donne nei 3000. Bronzo dal fondo a cura di Claudio Cucciatti La staffetta azzurra dei 3000, argento, festeggia con il pubblico del Forum di A",
https://www.repubblica.it/sport/dossier/olimpiadi-invernali/2026/02/18/diretta/olimpiadi_milano_cortina_2026_oggi_medaglie_news-425166259/,"38 dagli Usa e alle spalle del duo norvegese Hedegart-Klaebo. La finale è programmata per le 12.15 a Tesero. Federico Pellegrino (afp) 10:49 Slalom, la classifica dopo le prime trenta Ecco la classifica provvisoria dello slalom femminile dopo la prima manche. Sono scese le prime trenta atlete. 1 Mikaela Shiffrin – Stati Uniti – 47’’13 2 Lena Duerr – Germania – 47’’95 (+0.82) 3 Cornelia Oehlund – Svezia – 48’’13 (+1.00) 4 Camille Rast – Svizzera – 48’’18 (+1.05) 5 Anna Swenn Larsson – Svezia – 48’’29 (+1.16) 5 Wendy Holdener – Svizzera – 48’’29 (+1.16) 7 Lara Colturi – Albania – 48’’39 (+1.26) 8 Emma Aicher – Germania – 48’’45 (+1.32) 9 Katharina Huber – Austria – 48’’68 (+1.55) 10 Katharina Truppe – Austria – 48’’77 (+1.64) 11 Sara Hector – Svezia – 48’’84 (+1.71) 12 Caitlin McFarlane – Francia – 48’’88 (+1.72) 13 Marie Lamure – Francia – 49’’03 (+1.90) 14 Melanie Meillard – Svizzera – 49’’07 (+1.94) 15 Lara Della Mea – Italia – 49’’14 (+2.01) 10:40 Peterlini diciottesima Martina Peterlini chiude al 18° posto. Shiffrin è lontana 2’’54, la compagna di squadra Della Mea 0’’53. 10:31 Sci di fondo, Ganz e Pinter in finale nella team sprint Caterina Ganz e Iris De Martin Pinter si sono qualificate per la finale della team sprint di sci di fondo . Le azzurre hanno chiuso la qualificazione al nono posto, in ritardo di 21’’25 dalle svedesi leader della classifica. In seconda piazza la Finlandia, seguita da Canada, Svizzera e Norvegia. Iris de Martin Pinter 10:27 Tredicesima Della Mea Lara Della Mea conclude una prima manche faticosa al 13° posto, a 2’’01 dalla leader della classifica Shiffrin. 10:21 Oehlund terza Ottima prima manche della svedese Cornelia Oehlund , terza a un secondo da Shiffrin. 10:16 Aicher lontana da Shiffrin La tedesca Emma Aicher chiude la prima manche al sesto posto. Shiffrin lontana 1’’32. 10:11 Shiffrin vola Che prima manche di Mikaela Shiffrin . La statunitense migliora di 82 centesimi il crono di Duerr. 10:10 Super tempo di Duerr La tedesca Lena Duerr balza in testa alla calssifica per 21 centesimi. 10:08 Holdener seconda Al momento la svizzera domina lo slalom: Wendy Holdener è seconda alle spalle della connazionale Rast. 10:07 Rast in testa La svizzera Camilla Rast è passata al comando dopo aver tagliato il traguardo 21 centesimi prima di Colturi. 10:04 Moltzan lontana da Colturi La statunitense Paula Moltzan chiude la prima manche a 1’’51 da Colturi. 10:01 Colturi la prima a scendere Lara Colturi , che gareggia per l’Albania, è stata la prima atleta ad affrontare lo slalom. Tempo: 48’’39. 09:57 L’ultima occasione per Shiffrin Oggi si chiude il programma di sci alpino. Lo slalom femminile è l’ultima occasione per la campionessa americana Mikaela Shiffrin per non lasciare Cortina a mani vuote. 09:53 Slalom donne, i pettorali delle azzurre Le azzurre in gara nello slalom femminile sono Lara Della Mea , che scenderà con il pettorale numero 16, Martina Peterlini con il 24 e Anna Trocker con il 41. 09:36 I Giochi fanno il pieno di ascolti in tv Curling e pattini firmano il boom degli ascolti tv dal nostro inviato Matteo Macor 09:12 Il racconto dell’oro azzurro nel pattinaggio di velocità Davide Ghiotto, Andrea Giovannini e Michele Malfatti, chi sono i tre azzurri che hanno vinto l’oro nell'inseguimento del pattinaggio di velocità. Tre uomini dietro alla medaglia d’oro. Ghiotto: “Ho fatto sport per dimagrire e piacere alle ragazze” di Maurizio Crosetti 09:07 Italia a caccia di altre medaglie Dallo short track al biathlon, le gare in cui gli azzurri possono puntare al podio. Milano Cortina 2026, il programma di mercoledì 18 febbraio e gli azzurri in gara. Dove vederli in tv di Jacopo Manfredi Argomenti olimpiadi Video in evidenza Giorgia Meloni, nuovo attacco ai giudici:",body,"Olimpiadi in diretta: short track, argento della staffetta donne nei 3000. Bronzo dal fondo a cura di Claudio Cucciatti La staffetta azzurra dei 3000, argento, festeggia con il pubblico del Forum di A",
https://www.repubblica.it/politica/2026/02/18/news/comunali_si_vota_24_25_maggio-425168186/,Risarcire Sea Watch? Decisione che lascia senza parole,body,"Elezioni il 24 e 25 maggio in 626 Comuni, 15 i capoluoghi al voto 02/10/2021 Milano, allestimento dei seggi elettorali per il voto alle comunali A riferirlo il ministro Piantedosi. Urne aperte in dive",
https://www.repubblica.it/sport/dossier/olimpiadi-invernali/2026/02/18/news/sighel_polemico_eliminazione-425168139/,"commenta Video in evidenza Giorgia Meloni, nuovo attacco ai giudici:",body,"Sighel eliminato nei 500 dello short track, scappa via polemico. Federazione: sempre lo stesso giudice Per l’azzurro l’Olimpiade partita con l’oro è diventata maledetta con tre eliminazioni contestate",
https://www.repubblica.it/economia/2026/02/18/news/decreto_bollette_meloni_bonus_famiglie_vulnerabili_irap-425167561/,"Il primo capitolo del decreto legge varato oggi riguarda il sostegno alle famiglie che sono maggiormente in difficoltà: interveniamo ancora sul bonus sociale che abbiamo di volta in volta potenziato in questi anni, che oggi raggiunge 2 milioni e 700mila famiglie vulnerabili. A loro viene garantito uno sconto ulteriore sulla bolletta elettrica di 115 euro l'anno che – spiega la premier Giorgia Meloni in un video sui social – si aggiunge a quello di 200 euro che avevamo già previsto portando il totale a 315 euro",body,Via libera al decreto bollette. Meloni: “A famiglie vulnerabili altri 115 euro di sconto” a cura della redazione Economia Il consiglio dei ministri approva la misura. Previsto un aumento dell’Irap del,
https://www.repubblica.it/economia/2026/02/18/news/decreto_bollette_meloni_bonus_famiglie_vulnerabili_irap-425167561/,". La misura porta a un incremento dell’Irap del 2% per aziende che producono energia. È “il secondo pilastro” del decreto, che – annota Meloni – “interessa il nostro tessuto produttivo”. Agostino Re Rebaudengo: “L’intervento sul gas sarà un boomerang” di Diego Longhin L’Irap",body,Via libera al decreto bollette. Meloni: “A famiglie vulnerabili altri 115 euro di sconto” a cura della redazione Economia Il consiglio dei ministri approva la misura. Previsto un aumento dell’Irap del,
https://www.repubblica.it/economia/2026/02/18/news/decreto_bollette_meloni_bonus_famiglie_vulnerabili_irap-425167561/,", è il commento di Palazzo Chigi. Tabarelli (Nomisma Energia): “Il decreto bollette non basta, risultati insufficienti” di Francesco Manacorda Gli aiuti alle imprese energivore Sul fronte dei sussidi alle imprese energivore – osserva Meloni –",body,Via libera al decreto bollette. Meloni: “A famiglie vulnerabili altri 115 euro di sconto” a cura della redazione Economia Il consiglio dei ministri approva la misura. Previsto un aumento dell’Irap del,
https://www.repubblica.it/economia/2026/02/18/news/decreto_bollette_meloni_bonus_famiglie_vulnerabili_irap-425167561/,. E ancora:,body,Via libera al decreto bollette. Meloni: “A famiglie vulnerabili altri 115 euro di sconto” a cura della redazione Economia Il consiglio dei ministri approva la misura. Previsto un aumento dell’Irap del,
https://www.repubblica.it/economia/2026/02/18/news/decreto_bollette_meloni_bonus_famiglie_vulnerabili_irap-425167561/,". Il disaccoppiamento Nel suo video social, la presidente del consiglio ricorda di aver “costruito anche un meccanismo che introduce di fatto il disaccoppiamento del prezzo dell'energia elettrica da quello del gas . Costruiamo una piattaforma pubblica che consente alle aziende, anche a quelle più piccole, di aggregarsi per acquistare direttamente dai produttori l'energia di cui hanno bisogno, svincolandosi dal mercato attuale e quindi anche dalla speculazione. Questo consentirà, facendo leva sul mercato dei cosiddetti Ppa, di abbassare il prezzo dell'energia anche grazie alla garanzia dello Stato attraverso il ruolo del Gse e di Sace",body,Via libera al decreto bollette. Meloni: “A famiglie vulnerabili altri 115 euro di sconto” a cura della redazione Economia Il consiglio dei ministri approva la misura. Previsto un aumento dell’Irap del,
https://www.repubblica.it/economia/2026/02/18/news/decreto_bollette_meloni_bonus_famiglie_vulnerabili_irap-425167561/,contiene poi un ulteriore pacchetto di norme che incidendo sui costi del gas contribuiranno a ridurre il prezzo finale dell'energia elettrica per famiglie e imprese. Il complesso di queste norme produrrà un taglio concreto sulle bollette di luce e gas di tutte le aziende,body,Via libera al decreto bollette. Meloni: “A famiglie vulnerabili altri 115 euro di sconto” a cura della redazione Economia Il consiglio dei ministri approva la misura. Previsto un aumento dell’Irap del,
https://www.repubblica.it/economia/2026/02/18/news/decreto_bollette_meloni_bonus_famiglie_vulnerabili_irap-425167561/,qualche esempio concreto,body,Via libera al decreto bollette. Meloni: “A famiglie vulnerabili altri 115 euro di sconto” a cura della redazione Economia Il consiglio dei ministri approva la misura. Previsto un aumento dell’Irap del,
https://www.repubblica.it/economia/2026/02/18/news/decreto_bollette_meloni_bonus_famiglie_vulnerabili_irap-425167561/,"Un artigiano o un piccolo ristoratore avrà una riduzione media di oltre 500 euro l'anno sulla bolletta elettrica e di 200 su quella del gas . Per le piccole e medie imprese di maggiori dimensioni il beneficio stimato cresce fino a circa 9mila euro l'anno per l'elettricità, 10mila euro l'anno per il gas. Arriviamo poi – sempre secondo le stime di Chigi – alle imprese più grandi, come sono ad esempio le imprese gasivore, che potranno arrivare a un taglio di oltre 220 mila euro l'anno sul gas",body,Via libera al decreto bollette. Meloni: “A famiglie vulnerabili altri 115 euro di sconto” a cura della redazione Economia Il consiglio dei ministri approva la misura. Previsto un aumento dell’Irap del,
https://www.repubblica.it/economia/2026/02/18/news/decreto_bollette_meloni_bonus_famiglie_vulnerabili_irap-425167561/,"Vogliamo scorporare il costo degli Ets dalla determinazione del prezzo delle energie rinnovabili, come ad esempio l'idroelettrico e il solare per abbassare i costi",body,Via libera al decreto bollette. Meloni: “A famiglie vulnerabili altri 115 euro di sconto” a cura della redazione Economia Il consiglio dei ministri approva la misura. Previsto un aumento dell’Irap del,
https://www.repubblica.it/economia/2026/02/18/news/decreto_bollette_meloni_bonus_famiglie_vulnerabili_irap-425167561/,una scelta strutturale molto coraggiosa,body,Via libera al decreto bollette. Meloni: “A famiglie vulnerabili altri 115 euro di sconto” a cura della redazione Economia Il consiglio dei ministri approva la misura. Previsto un aumento dell’Irap del,
https://www.repubblica.it/economia/2026/02/18/news/decreto_bollette_meloni_bonus_famiglie_vulnerabili_irap-425167561/,"norma che chiaramente avrà bisogno dell'autorizzazione dell'Unione europea ed è coerente con l'impegno che stiamo portando avanti in Europa, perché anche insieme ad altre nazioni stiamo cercando di rilanciare la competitività delle nostre imprese",body,Via libera al decreto bollette. Meloni: “A famiglie vulnerabili altri 115 euro di sconto” a cura della redazione Economia Il consiglio dei ministri approva la misura. Previsto un aumento dell’Irap del,
https://www.repubblica.it/economia/2026/02/18/news/decreto_bollette_meloni_bonus_famiglie_vulnerabili_irap-425167561/,". Sul decreto bollette Salvini rilancia: “Doveroso chiedere un contributo alle banche” a cura della redazione Economia Argomenti bollette governo affari e finanza plus da non perdere giorgia meloni Video in evidenza Giorgia Meloni, nuovo attacco ai giudici:",body,Via libera al decreto bollette. Meloni: “A famiglie vulnerabili altri 115 euro di sconto” a cura della redazione Economia Il consiglio dei ministri approva la misura. Previsto un aumento dell’Irap del,
https://www.repubblica.it/spettacoli/musica/2026/02/18/news/u2_nuovo_disco_days_of_ash_la_nostra_risposta_agli_eventi_attuali_globali-425167546/,"Il mio brano una risposta al terrore di Stato” di Anna Lombardi 28 Gennaio 2026 Quattro dei cinque brani parlano di persone - una madre, un padre, una ragazza adolescente - le cui vite sono state brutalmente stroncate. Un soldato che preferirebbe cantare, ma è pronto a morire per la libertà del suo Paese.",body,"U2, a sorpresa il nuovo disco “Days of ash”: “La nostra risposta agli eventi attuali globali” di Valeria Rusconi Bono & Co. pubblicano il mini album composto da cinque nuove canzoni e una poesia, “You",
https://www.repubblica.it/spettacoli/musica/2026/02/18/news/u2_nuovo_disco_days_of_ash_la_nostra_risposta_agli_eventi_attuali_globali-425167546/,". Tom Morello, Billy Bragg, Billie Eilish & Co.: gli artisti americani contro Trump. “È fascismo” di Andrea Silenzi 30 Gennaio 2026",body,"U2, a sorpresa il nuovo disco “Days of ash”: “La nostra risposta agli eventi attuali globali” di Valeria Rusconi Bono & Co. pubblicano il mini album composto da cinque nuove canzoni e una poesia, “You",
https://www.repubblica.it/spettacoli/musica/2026/02/18/news/u2_nuovo_disco_days_of_ash_la_nostra_risposta_agli_eventi_attuali_globali-425167546/,. Gli artisti italiani si mobilitano per la Palestina: dalla raccolta firme al live di Pelù e Agnelli a cura della redazione Spettacoli 28 Luglio 2025,body,"U2, a sorpresa il nuovo disco “Days of ash”: “La nostra risposta agli eventi attuali globali” di Valeria Rusconi Bono & Co. pubblicano il mini album composto da cinque nuove canzoni e una poesia, “You",
https://www.repubblica.it/spettacoli/musica/2026/02/18/news/u2_nuovo_disco_days_of_ash_la_nostra_risposta_agli_eventi_attuali_globali-425167546/,Risarcire Sea Watch? Decisione che lascia senza parole,body,"U2, a sorpresa il nuovo disco “Days of ash”: “La nostra risposta agli eventi attuali globali” di Valeria Rusconi Bono & Co. pubblicano il mini album composto da cinque nuove canzoni e una poesia, “You",
https://www.ansa.it/sito/photogallery/sport/speciali/milano_cortina_2026/2026/02/18/milano-cortina-meloni-esulta-per-le-azzurre-una-gran-bella-emozione_56ee2eb7-b10a-4a47-b038-21d6160a039f.html,Sono molto emozionata. È stata una gran bella emozione,body,"""Sono molto emozionata. È stata una gran bella emozione"". Lo ha detto la premier Giorgia Meloni che ha seguito in tribuna al Forum di Assago la gara della staffetta 3000 metri dello short track argent",
https://www.ansa.it/sito/photogallery/sport/speciali/milano_cortina_2026/2026/02/18/milano-cortina-meloni-esulta-per-le-azzurre-una-gran-bella-emozione_56ee2eb7-b10a-4a47-b038-21d6160a039f.html,"Sono molto felice per questa emozione, per queste ragazze straordinarie; per un record storico di sempre di Arianna, un'italiana. Mi ha dato una grande carica",body,"""Sono molto emozionata. È stata una gran bella emozione"". Lo ha detto la premier Giorgia Meloni che ha seguito in tribuna al Forum di Assago la gara della staffetta 3000 metri dello short track argent",
https://www.ansa.it/sito/photogallery/sport/speciali/milano_cortina_2026/2026/02/18/milano-cortina-meloni-esulta-per-le-azzurre-una-gran-bella-emozione_56ee2eb7-b10a-4a47-b038-21d6160a039f.html,"Eh, vediamo, vediamo, una cosa per volta",body,"""Sono molto emozionata. È stata una gran bella emozione"". Lo ha detto la premier Giorgia Meloni che ha seguito in tribuna al Forum di Assago la gara della staffetta 3000 metri dello short track argent",
https://www.ansa.it/sito/photogallery/sport/speciali/milano_cortina_2026/2026/02/18/milano-cortina-meloni-esulta-per-le-azzurre-una-gran-bella-emozione_56ee2eb7-b10a-4a47-b038-21d6160a039f.html,era molto contenta per noi. Sapere che era sugli spalti a fare il tifo è sicuramente un grande orgoglio. Le abbiamo promesso una tutina e faremo in modo di fargliela avere,body,"""Sono molto emozionata. È stata una gran bella emozione"". Lo ha detto la premier Giorgia Meloni che ha seguito in tribuna al Forum di Assago la gara della staffetta 3000 metri dello short track argent",
https://www.ansa.it/sito/notizie/sport/speciali/milano_cortina_2026/2026/02/18/milano-cortina-ho-vinto-shiffrin-urla-la-gioia-sui-social_9068c774-9d11-4221-857c-9d9593b45e96.html,Ho vinto! Ho vinto! Ho vinto!,body,"""Ho vinto! Ho vinto! Ho vinto!"". Lo ""urla"" Mikaela Shiffrin dal suo profilo Instagram, festeggiando la medaglia d'oro olimpica anello slalom a Cortina D'Ampezzo. ""Ci sono arrivata - scrive - alla facc",
https://www.ansa.it/sito/notizie/sport/speciali/milano_cortina_2026/2026/02/18/milano-cortina-ho-vinto-shiffrin-urla-la-gioia-sui-social_9068c774-9d11-4221-857c-9d9593b45e96.html,urla,body,"""Ho vinto! Ho vinto! Ho vinto!"". Lo ""urla"" Mikaela Shiffrin dal suo profilo Instagram, festeggiando la medaglia d'oro olimpica anello slalom a Cortina D'Ampezzo. ""Ci sono arrivata - scrive - alla facc",
https://www.ansa.it/sito/notizie/sport/speciali/milano_cortina_2026/2026/02/18/milano-cortina-ho-vinto-shiffrin-urla-la-gioia-sui-social_9068c774-9d11-4221-857c-9d9593b45e96.html,"Ci sono arrivata - scrive - alla faccia della paura e dell'adrenalina e alle critiche e alle prese in giro di chi non sa nulla e non prova nemmeno a capire. Mi sono fermata al cancelletto, ho guardato la montagna e il percorso davanti, e il mio battito cardiaco quasi mi cascava in basso. Quando è iniziato il conto alla rovescia, ho spinto. Ho spinto per inseguire, ho spinto per guadagnare. Ho spinto ad osare e a sognare. Ho spinto per credere",body,"""Ho vinto! Ho vinto! Ho vinto!"". Lo ""urla"" Mikaela Shiffrin dal suo profilo Instagram, festeggiando la medaglia d'oro olimpica anello slalom a Cortina D'Ampezzo. ""Ci sono arrivata - scrive - alla facc",
https://www.ansa.it/sito/notizie/sport/speciali/milano_cortina_2026/2026/02/18/milano-cortina-ho-vinto-shiffrin-urla-la-gioia-sui-social_9068c774-9d11-4221-857c-9d9593b45e96.html,"Ho messo in dubbio - continua Shiffrin - tutto ciò che ho imparato nella vita, più volte questa settimana. Mi sono chiesta che tipo di grinta ho nel cuore e mi sono chiesta se avessi dovuto farlo davvero. Ho messo in dubbio la mia durezza e tenacia. Ho messo in dubbio tutto. E poi mi sono lasciata alle spalle quelle domande e sono entrata comunque nell'arena",body,"""Ho vinto! Ho vinto! Ho vinto!"". Lo ""urla"" Mikaela Shiffrin dal suo profilo Instagram, festeggiando la medaglia d'oro olimpica anello slalom a Cortina D'Ampezzo. ""Ci sono arrivata - scrive - alla facc",
https://www.ansa.it/sito/notizie/sport/speciali/milano_cortina_2026/2026/02/18/milano-cortina-ho-vinto-shiffrin-urla-la-gioia-sui-social_9068c774-9d11-4221-857c-9d9593b45e96.html,un momento di risentimento,body,"""Ho vinto! Ho vinto! Ho vinto!"". Lo ""urla"" Mikaela Shiffrin dal suo profilo Instagram, festeggiando la medaglia d'oro olimpica anello slalom a Cortina D'Ampezzo. ""Ci sono arrivata - scrive - alla facc",
https://www.ansa.it/sito/notizie/sport/speciali/milano_cortina_2026/2026/02/18/milano-cortina-ho-vinto-shiffrin-urla-la-gioia-sui-social_9068c774-9d11-4221-857c-9d9593b45e96.html,"Perché dovete essere tutte così dannatamente brave? Perché non può essere più facile? E poi, ho provato un immenso ringraziamento. Grazie per avermi spinto. Grazie per essere sempre gentili e comprensive e feroci e forti. Grazie per aver guidato la strada, o per aver seguito, così da abbattere insieme le barriere e alzare il livello del nostro sport. Ho vinto. Ho dannatamente vinto. Questa, proprio qui, è la lotteria e ho vinto. Oh - conclude -, e ho ricevuto anche una medaglia",body,"""Ho vinto! Ho vinto! Ho vinto!"". Lo ""urla"" Mikaela Shiffrin dal suo profilo Instagram, festeggiando la medaglia d'oro olimpica anello slalom a Cortina D'Ampezzo. ""Ci sono arrivata - scrive - alla facc",
https://www.ansa.it/sito/notizie/sport/speciali/milano_cortina_2026/2026/02/18/milano-cortina-sulla-pista-di-tesero-un-cane-scatta-sul-rettilineo-del_25db5fbe-8318-456a-b2fd-0efc79a70cfc.html,partecipato,body,"Al cane! Al cane! Nelle qualifiche della staffetta sprint femminile di fondo, ultima gara a squadre di sci nordico dei giochi invernali di Milano Cortina ospitata in val di Fiemme, un cane ha ""parteci",
https://www.ansa.it/sito/notizie/sport/speciali/milano_cortina_2026/2026/02/18/milano-cortina-sulla-pista-di-tesero-un-cane-scatta-sul-rettilineo-del_25db5fbe-8318-456a-b2fd-0efc79a70cfc.html,E' stata lo cosa più curiosa avvenuta finora,body,"Al cane! Al cane! Nelle qualifiche della staffetta sprint femminile di fondo, ultima gara a squadre di sci nordico dei giochi invernali di Milano Cortina ospitata in val di Fiemme, un cane ha ""parteci",
https://www.ansa.it/sito/notizie/sport/speciali/milano_cortina_2026/2026/02/18/milano-cortina-sulla-pista-di-tesero-un-cane-scatta-sul-rettilineo-del_25db5fbe-8318-456a-b2fd-0efc79a70cfc.html,"Di solito seguo le gare dalla sala giuria, perché così siamo in contatto diretto anche con la parte medica - spiega - nel caso dovessimo intervenire. La notizia che è arrivata lì è stata che c'era un lupo in pista. E questo ci ha fatto sobbalzare tutti",body,"Al cane! Al cane! Nelle qualifiche della staffetta sprint femminile di fondo, ultima gara a squadre di sci nordico dei giochi invernali di Milano Cortina ospitata in val di Fiemme, un cane ha ""parteci",
https://www.ansa.it/sito/notizie/sport/speciali/milano_cortina_2026/2026/02/18/milano-cortina-sulla-pista-di-tesero-un-cane-scatta-sul-rettilineo-del_25db5fbe-8318-456a-b2fd-0efc79a70cfc.html,di un residente che stava passeggiando e al quale è scappato. Lo abbiamo preso e nel giro di poco tempo il proprietario è venuto a riprenderselo,body,"Al cane! Al cane! Nelle qualifiche della staffetta sprint femminile di fondo, ultima gara a squadre di sci nordico dei giochi invernali di Milano Cortina ospitata in val di Fiemme, un cane ha ""parteci",
https://www.ansa.it/sito/notizie/sport/speciali/milano_cortina_2026/2026/02/18/milano-cortina-il-cane-di-lyndsey-vonn-morto-il-giorno-dopo-lincidente_ca937bc8-cb00-4ff6-b71c-078f37eb9db1.html,Sono stati giorni incredibilmente duri. Probabilmente i più duri della mia vita. Non ho ancora accettato che se ne sia andato,body,"Il cane di Lindsey Vonn, Leo, è morto a 13 anni il 9 febbraio, il giorno dopo che la fuoriclasse americana si è infortunata sull'Olympia delle Tofane a Cortina d'Ampezzo, sciando in discesa libera. ""S",
https://www.ansa.it/sito/notizie/sport/speciali/milano_cortina_2026/2026/02/18/milano-cortina-il-cane-di-lyndsey-vonn-morto-il-giorno-dopo-lincidente_ca937bc8-cb00-4ff6-b71c-078f37eb9db1.html,"Mentre ero sdraiata nel mio letto d'ospedale il giorno dopo l'incidente, gli abbiamo detto addio. Avevo perso così tanto di importante per me in così poco tempo, non ci posso credere",body,"Il cane di Lindsey Vonn, Leo, è morto a 13 anni il 9 febbraio, il giorno dopo che la fuoriclasse americana si è infortunata sull'Olympia delle Tofane a Cortina d'Ampezzo, sciando in discesa libera. ""S",
https://www.ansa.it/sito/notizie/sport/speciali/milano_cortina_2026/2026/02/18/milano-cortina-il-cane-di-lyndsey-vonn-morto-il-giorno-dopo-lincidente_ca937bc8-cb00-4ff6-b71c-078f37eb9db1.html,quando ne avevo più bisogno. Mi ha tenuto sul divano quando guardavo le Olimpiadi di Sochi. Mi ha sollevato quando ero giù,body,"Il cane di Lindsey Vonn, Leo, è morto a 13 anni il 9 febbraio, il giorno dopo che la fuoriclasse americana si è infortunata sull'Olympia delle Tofane a Cortina d'Ampezzo, sciando in discesa libera. ""S",
https://www.ansa.it/sito/notizie/sport/speciali/milano_cortina_2026/2026/02/18/milano-cortina-il-cane-di-lyndsey-vonn-morto-il-giorno-dopo-lincidente_ca937bc8-cb00-4ff6-b71c-078f37eb9db1.html,"è su con Lucy, Bear, mia mamma, i miei nonni e tanta gente che ho perso negli ultimi anni",body,"Il cane di Lindsey Vonn, Leo, è morto a 13 anni il 9 febbraio, il giorno dopo che la fuoriclasse americana si è infortunata sull'Olympia delle Tofane a Cortina d'Ampezzo, sciando in discesa libera. ""S",
https://www.ansa.it/sito/notizie/sport/speciali/milano_cortina_2026/2026/02/18/milano-cortina-il-cane-di-lyndsey-vonn-morto-il-giorno-dopo-lincidente_ca937bc8-cb00-4ff6-b71c-078f37eb9db1.html,Penserò a lui quando chiuderò gli occhi,body,"Il cane di Lindsey Vonn, Leo, è morto a 13 anni il 9 febbraio, il giorno dopo che la fuoriclasse americana si è infortunata sull'Olympia delle Tofane a Cortina d'Ampezzo, sciando in discesa libera. ""S",
https://www.ansa.it/sito/notizie/sport/speciali/milano_cortina_2026/2026/02/18/milano-cortina-simone-biles-consola-malinin-abbiamo-avuto-gli-stessi_7f5bf9f2-b64c-412d-baab-1ec51769a004.html,dio del quadruplo,body,"Se c'è una persona che può immedesimarsi in ciò che ha passato Ilia Malinin venerdì scorso nella disastrosa gara di pattinaggio di figura, questa è Simone Biles. La fuoriclasse americana della ginnast",
https://www.ansa.it/sito/notizie/sport/speciali/milano_cortina_2026/2026/02/18/milano-cortina-simone-biles-consola-malinin-abbiamo-avuto-gli-stessi_7f5bf9f2-b64c-412d-baab-1ec51769a004.html,"solo perché avesse qualcuno - ha raccontato Biles - che potesse confermare i suoi sentimenti, e sapere che abbiamo attraversato le stesse cose, ma che si può comunque uscirne vincitori",body,"Se c'è una persona che può immedesimarsi in ciò che ha passato Ilia Malinin venerdì scorso nella disastrosa gara di pattinaggio di figura, questa è Simone Biles. La fuoriclasse americana della ginnast",
https://www.ansa.it/sito/notizie/sport/speciali/milano_cortina_2026/2026/02/18/milano-cortina-simone-biles-consola-malinin-abbiamo-avuto-gli-stessi_7f5bf9f2-b64c-412d-baab-1ec51769a004.html,disconnessione,body,"Se c'è una persona che può immedesimarsi in ciò che ha passato Ilia Malinin venerdì scorso nella disastrosa gara di pattinaggio di figura, questa è Simone Biles. La fuoriclasse americana della ginnast",
https://www.ansa.it/sito/notizie/sport/speciali/milano_cortina_2026/2026/02/18/milano-cortina-simone-biles-consola-malinin-abbiamo-avuto-gli-stessi_7f5bf9f2-b64c-412d-baab-1ec51769a004.html,twisties,body,"Se c'è una persona che può immedesimarsi in ciò che ha passato Ilia Malinin venerdì scorso nella disastrosa gara di pattinaggio di figura, questa è Simone Biles. La fuoriclasse americana della ginnast",
https://www.ansa.it/sito/notizie/sport/speciali/milano_cortina_2026/2026/02/18/milano-cortina-simone-biles-consola-malinin-abbiamo-avuto-gli-stessi_7f5bf9f2-b64c-412d-baab-1ec51769a004.html,"Mentre gli raccontavo cosa pensavo stesse attraversando - ha riferito - e come superare tutto e andare avanti, lui mi ha risposto: 'Esatto. Esatto'. Ha detto una cosa tipo: 'Finalmente l'hai detto'",body,"Se c'è una persona che può immedesimarsi in ciò che ha passato Ilia Malinin venerdì scorso nella disastrosa gara di pattinaggio di figura, questa è Simone Biles. La fuoriclasse americana della ginnast",
https://www.ansa.it/sito/notizie/sport/speciali/milano_cortina_2026/2026/02/18/milano-cortina-simone-biles-consola-malinin-abbiamo-avuto-gli-stessi_7f5bf9f2-b64c-412d-baab-1ec51769a004.html,non essere pronto a gestire,body,"Se c'è una persona che può immedesimarsi in ciò che ha passato Ilia Malinin venerdì scorso nella disastrosa gara di pattinaggio di figura, questa è Simone Biles. La fuoriclasse americana della ginnast",
https://www.ansa.it/sito/notizie/sport/speciali/milano_cortina_2026/2026/02/18/milano-cortina-simone-biles-consola-malinin-abbiamo-avuto-gli-stessi_7f5bf9f2-b64c-412d-baab-1ec51769a004.html,"Ero davvero preoccupata - ha detto - per la sua salute mentale. Quando ti aspetti di pattinare la prestazione della tua vita e non ci riesci, mi preoccupo di come questo possa influire sulla tua salute mentale e di come il mondo la percepirà. Ho vissuto questa esperienza in prima persona e quindi sono entrata davvero in modalità protezione",body,"Se c'è una persona che può immedesimarsi in ciò che ha passato Ilia Malinin venerdì scorso nella disastrosa gara di pattinaggio di figura, questa è Simone Biles. La fuoriclasse americana della ginnast",
https://www.ansa.it/sito/notizie/sport/speciali/milano_cortina_2026/2026/02/18/milano-cortina-storica-fontana-argento-ed-e-la-piu-vincente-ai-giochi_6af1cc1b-4add-490a-a991-0cdefceec98b.html,"Che emozione, bellissima",body,"L'ennesimo appuntamento con la storia finisce con una medaglia corale, il giro d'onore e il tricolore sulle spalle. Perché sul ghiaccio milanese, ai Giochi di casa e davanti agli occhi della premier G",
https://www.ansa.it/sito/notizie/sport/speciali/milano_cortina_2026/2026/02/18/milano-cortina-storica-fontana-argento-ed-e-la-piu-vincente-ai-giochi_6af1cc1b-4add-490a-a991-0cdefceec98b.html,"Anche se è la mia 14/a, vincerla così è davvero incredibile - ha detto la regina dei pattini -. Il pubblico è stato fantastico. Non ho parole, nello spogliatoio ho avuto un calo di pressione...È stato un lavoro di squadra. Ognuno di noi. Nessuno escluso",body,"L'ennesimo appuntamento con la storia finisce con una medaglia corale, il giro d'onore e il tricolore sulle spalle. Perché sul ghiaccio milanese, ai Giochi di casa e davanti agli occhi della premier G",
https://www.ansa.it/sito/notizie/sport/speciali/milano_cortina_2026/2026/02/18/milano-cortina-storica-fontana-argento-ed-e-la-piu-vincente-ai-giochi_6af1cc1b-4add-490a-a991-0cdefceec98b.html,"Sono un po' delusa per il cambio di posizione finale perché ci credevo davvero. Onestamente non ho sentito la coreana, accidenti a lei - dice la perfezionista -. Ma siamo tutte contente. È stata una stagione piuttosto lunga",body,"L'ennesimo appuntamento con la storia finisce con una medaglia corale, il giro d'onore e il tricolore sulle spalle. Perché sul ghiaccio milanese, ai Giochi di casa e davanti agli occhi della premier G",
https://www.ansa.it/sito/notizie/sport/speciali/milano_cortina_2026/2026/02/18/milano-cortina-storica-fontana-argento-ed-e-la-piu-vincente-ai-giochi_6af1cc1b-4add-490a-a991-0cdefceec98b.html,"Nonostante tutto sono sempre riuscita a dare tutto e a essere qui pronta e determinata. Siamo scese sul ghiaccio sapendo di non essere nella migliore posizione di partenza, da quarte, ma siamo rimaste calme e composte, sfruttando le opportunità. Abbiamo fatto pressione quando era il momento di farlo e portiamo a casa una medaglia d'argento che credo sia davvero un sogno che si avvera per tutte e quattro",body,"L'ennesimo appuntamento con la storia finisce con una medaglia corale, il giro d'onore e il tricolore sulle spalle. Perché sul ghiaccio milanese, ai Giochi di casa e davanti agli occhi della premier G",
https://www.ansa.it/sito/notizie/politica/2026/02/18/mattarella-presiede-il-csm-le-altre-istituzioni-lo-rispettino.-nordio-apprezzo-le-sue-parole_fc533a09-bfde-4c49-91ee-3fc610cc72be.html,para-mafiose,body,Solo settanta secondi e 199 parole per mettere in chiaro due principi: il Csm è un organo costituzionale e le altre istituzioni devono portargli rispetto; ora si abbassino i toni della campagna refere,
https://www.ansa.it/sito/notizie/politica/2026/02/18/mattarella-presiede-il-csm-le-altre-istituzioni-lo-rispettino.-nordio-apprezzo-le-sue-parole_fc533a09-bfde-4c49-91ee-3fc610cc72be.html,Non è consueta la presenza del Presidente della Repubblica per i lavori ordinari del Consiglio. Per quanto mi riguarda non si è mai verificata in undici anni,body,Solo settanta secondi e 199 parole per mettere in chiaro due principi: il Csm è un organo costituzionale e le altre istituzioni devono portargli rispetto; ora si abbassino i toni della campagna refere,
https://www.ansa.it/sito/notizie/politica/2026/02/18/mattarella-presiede-il-csm-le-altre-istituzioni-lo-rispettino.-nordio-apprezzo-le-sue-parole_fc533a09-bfde-4c49-91ee-3fc610cc72be.html,risacralizzare un luogo colpito da un rito pagano,body,Solo settanta secondi e 199 parole per mettere in chiaro due principi: il Csm è un organo costituzionale e le altre istituzioni devono portargli rispetto; ora si abbassino i toni della campagna refere,
https://www.ansa.it/sito/notizie/politica/2026/02/18/mattarella-presiede-il-csm-le-altre-istituzioni-lo-rispettino.-nordio-apprezzo-le-sue-parole_fc533a09-bfde-4c49-91ee-3fc610cc72be.html,"Mi hanno indotto a questa decisione la necessità e il desiderio di sottolineare, ancora una volta, il valore del ruolo di rilievo costituzionale del Consiglio Superiore della Magistratura. Soprattutto, la necessità e l'intendimento di ribadire - aggiunge secco Mattarella - il rispetto che occorre nutrire e manifestare, particolarmente da parte delle altre istituzioni, nei confronti di questa istituzione",body,Solo settanta secondi e 199 parole per mettere in chiaro due principi: il Csm è un organo costituzionale e le altre istituzioni devono portargli rispetto; ora si abbassino i toni della campagna refere,
https://www.ansa.it/sito/notizie/politica/2026/02/18/mattarella-presiede-il-csm-le-altre-istituzioni-lo-rispettino.-nordio-apprezzo-le-sue-parole_fc533a09-bfde-4c49-91ee-3fc610cc72be.html,mi dispiace se deluderò più di qualcuno perché noi siamo particolarmente ostinati,body,Solo settanta secondi e 199 parole per mettere in chiaro due principi: il Csm è un organo costituzionale e le altre istituzioni devono portargli rispetto; ora si abbassino i toni della campagna refere,
https://www.ansa.it/sito/notizie/politica/2026/02/18/mattarella-presiede-il-csm-le-altre-istituzioni-lo-rispettino.-nordio-apprezzo-le-sue-parole_fc533a09-bfde-4c49-91ee-3fc610cc72be.html,Le istituzioni non attacchino altre istituzioni,body,Solo settanta secondi e 199 parole per mettere in chiaro due principi: il Csm è un organo costituzionale e le altre istituzioni devono portargli rispetto; ora si abbassino i toni della campagna refere,
https://www.ansa.it/sito/notizie/politica/2026/02/18/mattarella-presiede-il-csm-le-altre-istituzioni-lo-rispettino.-nordio-apprezzo-le-sue-parole_fc533a09-bfde-4c49-91ee-3fc610cc72be.html,"come presidente della Repubblica avverto la necessità di rinnovare con fermezza l'esortazione al rispetto vicendevole in qualsiasi momento, in qualsiasi circostanza nell'interesse della repubblica",body,Solo settanta secondi e 199 parole per mettere in chiaro due principi: il Csm è un organo costituzionale e le altre istituzioni devono portargli rispetto; ora si abbassino i toni della campagna refere,
https://www.ansa.it/sito/notizie/politica/2026/02/18/mattarella-presiede-il-csm-le-altre-istituzioni-lo-rispettino.-nordio-apprezzo-le-sue-parole_fc533a09-bfde-4c49-91ee-3fc610cc72be.html,Bisogna rispettare la Cassazione e le sue sentenze,body,Solo settanta secondi e 199 parole per mettere in chiaro due principi: il Csm è un organo costituzionale e le altre istituzioni devono portargli rispetto; ora si abbassino i toni della campagna refere,
https://www.ansa.it/sito/notizie/politica/2026/02/18/mattarella-presiede-il-csm-le-altre-istituzioni-lo-rispettino.-nordio-apprezzo-le-sue-parole_fc533a09-bfde-4c49-91ee-3fc610cc72be.html,"in questa sede, che rimane e deve rimanere rigorosamente istituzionale ed estranea a temi o controversie di natura politica avverto la necessità di rinnovare con fermezza l'esortazione al rispetto vicendevole. In qualsiasi momento, in qualsiasi circostanza. Nell'interesse della Repubblica",body,Solo settanta secondi e 199 parole per mettere in chiaro due principi: il Csm è un organo costituzionale e le altre istituzioni devono portargli rispetto; ora si abbassino i toni della campagna refere,
https://www.ansa.it/sito/notizie/cronaca/2026/02/18/fermo-illecito-per-sea-watch-ministeri-risarciscano-76mila-euro.-meloni_cc1e4661-80e1-4e2d-b0f8-51a74e60fca6.html,rispetto vicendevole,body,Nuova decisione dei magistrati sull'immigrazione e nuovo attacco del governo alle toghe nel pieno di una campagna referendaria sempre più infuocata e nel giorno del richiamo del presidente della Repub,
https://www.ansa.it/sito/notizie/cronaca/2026/02/18/fermo-illecito-per-sea-watch-ministeri-risarciscano-76mila-euro.-meloni_cc1e4661-80e1-4e2d-b0f8-51a74e60fca6.html,che lascia letteralmente senza parole,body,Nuova decisione dei magistrati sull'immigrazione e nuovo attacco del governo alle toghe nel pieno di una campagna referendaria sempre più infuocata e nel giorno del richiamo del presidente della Repub,
https://www.ansa.it/sito/notizie/cronaca/2026/02/18/fermo-illecito-per-sea-watch-ministeri-risarciscano-76mila-euro.-meloni_cc1e4661-80e1-4e2d-b0f8-51a74e60fca6.html,vergognosa,body,Nuova decisione dei magistrati sull'immigrazione e nuovo attacco del governo alle toghe nel pieno di una campagna referendaria sempre più infuocata e nel giorno del richiamo del presidente della Repub,
https://www.ansa.it/sito/notizie/cronaca/2026/02/18/fermo-illecito-per-sea-watch-ministeri-risarciscano-76mila-euro.-meloni_cc1e4661-80e1-4e2d-b0f8-51a74e60fca6.html,"sembra una sciocchezza rispetto a quello che è accaduto oggi. Ma il compito dei magistrati - attacca, subito seguita dalla raffica di dichiarazioni dei Fratelli d'Italia - è quello di far rispettare la legge o quello di premiare chi si vanta di non rispettare la legge?. L'altra domanda che mi faccio - aggiunge - è qual è il messaggio che si sta cercando di far passare con questa lunga serie di decisioni oggettivamente assurde? Che non è consentito al governo provare a contrastare l'immigrazione illegale di massa, che qualunque legge si faccia e qualunque procedimento si costruisca una parte politicizzata della magistratura è pronta a mettersi di traverso?",body,Nuova decisione dei magistrati sull'immigrazione e nuovo attacco del governo alle toghe nel pieno di una campagna referendaria sempre più infuocata e nel giorno del richiamo del presidente della Repub,
https://www.ansa.it/sito/notizie/cronaca/2026/02/18/fermo-illecito-per-sea-watch-ministeri-risarciscano-76mila-euro.-meloni_cc1e4661-80e1-4e2d-b0f8-51a74e60fca6.html,noi siamo particolarmente ostinati,body,Nuova decisione dei magistrati sull'immigrazione e nuovo attacco del governo alle toghe nel pieno di una campagna referendaria sempre più infuocata e nel giorno del richiamo del presidente della Repub,
https://www.ansa.it/sito/notizie/cronaca/2026/02/18/fermo-illecito-per-sea-watch-ministeri-risarciscano-76mila-euro.-meloni_cc1e4661-80e1-4e2d-b0f8-51a74e60fca6.html,faremo tutto quello che serve per difendere in particolare i confini e la sicurezza dei cittadini,body,Nuova decisione dei magistrati sull'immigrazione e nuovo attacco del governo alle toghe nel pieno di una campagna referendaria sempre più infuocata e nel giorno del richiamo del presidente della Repub,
https://www.ansa.it/sito/notizie/cronaca/2026/02/18/fermo-illecito-per-sea-watch-ministeri-risarciscano-76mila-euro.-meloni_cc1e4661-80e1-4e2d-b0f8-51a74e60fca6.html,"La sentenza del Tribunale di Palermo è stata emessa da una magistrata competente e preparata, dopo l'esame del materiale probatorio e il contraddittorio tra le parti. Come ogni decisione è impugnabile. Denigrare i giudici per un provvedimento non condiviso o non gradito, magari senza neppure conoscerne le motivazioni, non ha nulla a che vedere con quel diritto di critica delle decisioni giudiziarie che va riconosciuto ad ogni cittadino",body,Nuova decisione dei magistrati sull'immigrazione e nuovo attacco del governo alle toghe nel pieno di una campagna referendaria sempre più infuocata e nel giorno del richiamo del presidente della Repub,
https://www.ansa.it/sito/notizie/cronaca/2026/02/18/fermo-illecito-per-sea-watch-ministeri-risarciscano-76mila-euro.-meloni_cc1e4661-80e1-4e2d-b0f8-51a74e60fca6.html,"incredibile, un vero e proprio premio per aver forzato un divieto del governo",body,Nuova decisione dei magistrati sull'immigrazione e nuovo attacco del governo alle toghe nel pieno di una campagna referendaria sempre più infuocata e nel giorno del richiamo del presidente della Repub,
https://www.ansa.it/sito/notizie/cronaca/2026/02/18/fermo-illecito-per-sea-watch-ministeri-risarciscano-76mila-euro.-meloni_cc1e4661-80e1-4e2d-b0f8-51a74e60fca6.html,"di Carola Rackete, l'attivista tedesca che quando ero al Viminale non accettava la linea dei porti chiusi che aveva praticamente azzerato sbarchi e tragedie del mare. Il 22-23 marzo voterò SI al referendum per cambiare questa in(Giustizia) che non funziona",body,Nuova decisione dei magistrati sull'immigrazione e nuovo attacco del governo alle toghe nel pieno di una campagna referendaria sempre più infuocata e nel giorno del richiamo del presidente della Repub,
https://www.ansa.it/sito/notizie/cronaca/2026/02/18/fermo-illecito-per-sea-watch-ministeri-risarciscano-76mila-euro.-meloni_cc1e4661-80e1-4e2d-b0f8-51a74e60fca6.html,"Il risarcimento a Sea Watch legato alla vicenda Rackete dimostra ancora una volta che la disobbedienza civile è tutt'altro che arroganza, ma protezione del diritto internazionale dagli attacchi di chi abusa della propria posizione di potere per calpestarlo, ai danni dei diritti e delle libertà di tutti - dice la portavoce di Sea Watch, Giorgia Linardi - mentre sulle spiagge italiane riaffiorano i cadaveri delle vittime invisibili delle ultime settimane, il governo, invece di lavorare per evitare tragedie future, individua ancora una volta nelle ong il nemico da abbattere",body,Nuova decisione dei magistrati sull'immigrazione e nuovo attacco del governo alle toghe nel pieno di una campagna referendaria sempre più infuocata e nel giorno del richiamo del presidente della Repub,
https://www.ansa.it/sito/notizie/cronaca/2026/02/18/impossibile-il-trapianto-nessuna-speranza-per-il-bimbo-di-napoli_d86c6981-07ac-43ac-9699-e424b1f3ce82.html,al letto del paziente,body,"Non c'è più speranza per il bambino ricoverato all'ospedale Monaldi, vittima di un gravissimo errore medico: l'equipe dei massimi esperti italiani in materia di trapianti, dopo una visita ""al letto de",
https://www.ansa.it/sito/notizie/cronaca/2026/02/18/impossibile-il-trapianto-nessuna-speranza-per-il-bimbo-di-napoli_d86c6981-07ac-43ac-9699-e424b1f3ce82.html,Le condizioni del bambino non sono compatibili con un nuovo trapianto,body,"Non c'è più speranza per il bambino ricoverato all'ospedale Monaldi, vittima di un gravissimo errore medico: l'equipe dei massimi esperti italiani in materia di trapianti, dopo una visita ""al letto de",
https://www.ansa.it/sito/notizie/cronaca/2026/02/18/impossibile-il-trapianto-nessuna-speranza-per-il-bimbo-di-napoli_d86c6981-07ac-43ac-9699-e424b1f3ce82.html,un confronto collegiale che ha consentito una valutazione condivisa quanto più completa e ampia possibile,body,"Non c'è più speranza per il bambino ricoverato all'ospedale Monaldi, vittima di un gravissimo errore medico: l'equipe dei massimi esperti italiani in materia di trapianti, dopo una visita ""al letto de",
https://www.ansa.it/sito/notizie/cronaca/2026/02/18/impossibile-il-trapianto-nessuna-speranza-per-il-bimbo-di-napoli_d86c6981-07ac-43ac-9699-e424b1f3ce82.html,alla luce delle valutazioni effettuate al letto del paziente e sulla base degli ultimi esami strumentali,body,"Non c'è più speranza per il bambino ricoverato all'ospedale Monaldi, vittima di un gravissimo errore medico: l'equipe dei massimi esperti italiani in materia di trapianti, dopo una visita ""al letto de",
https://www.ansa.it/sito/notizie/cronaca/2026/02/18/impossibile-il-trapianto-nessuna-speranza-per-il-bimbo-di-napoli_d86c6981-07ac-43ac-9699-e424b1f3ce82.html,"provveduto ad informare il Centro nazionale Trapianti esprimendo la più sincera vicinanza alla famiglia, prontamente informata, in questo momento così difficile",body,"Non c'è più speranza per il bambino ricoverato all'ospedale Monaldi, vittima di un gravissimo errore medico: l'equipe dei massimi esperti italiani in materia di trapianti, dopo una visita ""al letto de",
https://www.ansa.it/sito/notizie/cronaca/2026/02/18/impossibile-il-trapianto-nessuna-speranza-per-il-bimbo-di-napoli_d86c6981-07ac-43ac-9699-e424b1f3ce82.html,"E' una vicenda molto dolorosa e c'è il rispetto delle istituzioni, prima di tutto verso il bambino e verso la famiglia",body,"Non c'è più speranza per il bambino ricoverato all'ospedale Monaldi, vittima di un gravissimo errore medico: l'equipe dei massimi esperti italiani in materia di trapianti, dopo una visita ""al letto de",
https://www.ansa.it/sito/notizie/cronaca/2026/02/18/impossibile-il-trapianto-nessuna-speranza-per-il-bimbo-di-napoli_d86c6981-07ac-43ac-9699-e424b1f3ce82.html,"subito attivato i massimi poteri di vigilanza, controllo e ispettivi della Regione. Ho avuto una relazione di 290 pagine - annuncia - che ho mandato al ministro Schillaci con cui ho avuto anche un incontro che era già programmato e chiaramente abbiamo parlato del Monaldi. Il pomeriggio stesso ho mandato la nota per la leale collaborazione tra istituzioni. Per approfondire Agenzia ANSA Dalla gioia alla disperazione, il dramma di Patrizia - Notizie - Ansa.it Due mesi di calvario per la mamma del piccolo. Due giorni fa diceva: 'Io non mollo' (ANSA) Oggi ci sono anche gli ispettori del ministero, vedremo anche loro poi che cosa diranno. Però il pensiero è prima di tutto al bambino e alla famiglia. Poi verrà tutto il resto. E l'istituzione deve essere sempre rispettosa e lavorare per l'interesse del pubblico, in questo caso per l' interesse anche della famiglia",body,"Non c'è più speranza per il bambino ricoverato all'ospedale Monaldi, vittima di un gravissimo errore medico: l'equipe dei massimi esperti italiani in materia di trapianti, dopo una visita ""al letto de",
https://www.ansa.it/sito/notizie/cronaca/2026/02/18/impossibile-il-trapianto-nessuna-speranza-per-il-bimbo-di-napoli_d86c6981-07ac-43ac-9699-e424b1f3ce82.html,Non sarebbe sopravvissuto all'intervento per un nuovo trapianto di cuore,body,"Non c'è più speranza per il bambino ricoverato all'ospedale Monaldi, vittima di un gravissimo errore medico: l'equipe dei massimi esperti italiani in materia di trapianti, dopo una visita ""al letto de",
https://www.ansa.it/sito/notizie/politica/2026/02/18/il-cdm-approva-il-decreto-bollette-tagli-per-le-imprese-e-per-le-famiglie-fragili_7dc6791f-e86a-427d-9a76-fccfd54dcb69.html,gas release,body,"Alla fine, il decreto legge sulle bollette tanto atteso è stato varato dal governo . Per la premier Giorgia Meloni vale 5 miliardi, fra risparmi e benefici per famiglie ed imprese. Dentro ci sono la s",
https://www.ansa.it/sito/notizie/politica/2026/02/18/il-cdm-approva-il-decreto-bollette-tagli-per-le-imprese-e-per-le-famiglie-fragili_7dc6791f-e86a-427d-9a76-fccfd54dcb69.html,Data Center,body,"Alla fine, il decreto legge sulle bollette tanto atteso è stato varato dal governo . Per la premier Giorgia Meloni vale 5 miliardi, fra risparmi e benefici per famiglie ed imprese. Dentro ci sono la s",
https://www.ansa.it/sito/notizie/politica/2026/02/18/il-cdm-approva-il-decreto-bollette-tagli-per-le-imprese-e-per-le-famiglie-fragili_7dc6791f-e86a-427d-9a76-fccfd54dcb69.html,saturazione virtuale della rete,body,"Alla fine, il decreto legge sulle bollette tanto atteso è stato varato dal governo . Per la premier Giorgia Meloni vale 5 miliardi, fra risparmi e benefici per famiglie ed imprese. Dentro ci sono la s",
https://www.ansa.it/sito/notizie/politica/2026/02/18/il-cdm-approva-il-decreto-bollette-tagli-per-le-imprese-e-per-le-famiglie-fragili_7dc6791f-e86a-427d-9a76-fccfd54dcb69.html,"Oggi il governo ha approvato un provvedimento molto significativo - ha commentato la premier Meloni in un video sui social - che tocca una delle priorità che ci eravamo dati dall'inizio, cioè fare il possibile per ridurre il peso delle bollette su famiglie e imprese. E' un decreto che avrà un impatto rilevante, e che garantirà risparmi e benefici diretti nell'ordine di oltre 5 miliardi di euro",body,"Alla fine, il decreto legge sulle bollette tanto atteso è stato varato dal governo . Per la premier Giorgia Meloni vale 5 miliardi, fra risparmi e benefici per famiglie ed imprese. Dentro ci sono la s",
https://www.ansa.it/sito/notizie/politica/2026/02/18/il-cdm-approva-il-decreto-bollette-tagli-per-le-imprese-e-per-le-famiglie-fragili_7dc6791f-e86a-427d-9a76-fccfd54dcb69.html,"Un artigiano o un piccolo ristoratore avrà una riduzione media di oltre 500 euro l'anno sulla bolletta elettrica e di 200 su quella del gas. Per le piccole e medie imprese di maggiori dimensioni il beneficio stimato cresce fino a circa 9 mila euro l'anno per l'elettricità, 10 mila euro l'anno per il gas. Arriviamo poi alle imprese più grandi, che potranno arrivare ad un taglio di oltre 220 mila euro l'anno sul gas",body,"Alla fine, il decreto legge sulle bollette tanto atteso è stato varato dal governo . Per la premier Giorgia Meloni vale 5 miliardi, fra risparmi e benefici per famiglie ed imprese. Dentro ci sono la s",
https://www.ansa.it/sito/notizie/politica/2026/02/18/il-cdm-approva-il-decreto-bollette-tagli-per-le-imprese-e-per-le-famiglie-fragili_7dc6791f-e86a-427d-9a76-fccfd54dcb69.html,"interveniamo su una priorità assoluta: garantire energia a prezzi più bassi per famiglie e imprese, con risparmi effettivi",body,"Alla fine, il decreto legge sulle bollette tanto atteso è stato varato dal governo . Per la premier Giorgia Meloni vale 5 miliardi, fra risparmi e benefici per famiglie ed imprese. Dentro ci sono la s",
https://www.ansa.it/sito/notizie/politica/2026/02/18/il-cdm-approva-il-decreto-bollette-tagli-per-le-imprese-e-per-le-famiglie-fragili_7dc6791f-e86a-427d-9a76-fccfd54dcb69.html,benefici concreti a oltre 4 milioni di imprese e 2 milioni e 700 mila famiglie,body,"Alla fine, il decreto legge sulle bollette tanto atteso è stato varato dal governo . Per la premier Giorgia Meloni vale 5 miliardi, fra risparmi e benefici per famiglie ed imprese. Dentro ci sono la s",
https://www.ansa.it/sito/notizie/politica/2026/02/18/il-cdm-approva-il-decreto-bollette-tagli-per-le-imprese-e-per-le-famiglie-fragili_7dc6791f-e86a-427d-9a76-fccfd54dcb69.html,pannicello caldo,body,"Alla fine, il decreto legge sulle bollette tanto atteso è stato varato dal governo . Per la premier Giorgia Meloni vale 5 miliardi, fra risparmi e benefici per famiglie ed imprese. Dentro ci sono la s",
https://www.ansa.it/sito/notizie/politica/2026/02/18/il-cdm-approva-il-decreto-bollette-tagli-per-le-imprese-e-per-le-famiglie-fragili_7dc6791f-e86a-427d-9a76-fccfd54dcb69.html,dà ancora soldi alle società energetiche e lascia briciole a pensionati e famiglie italiane,body,"Alla fine, il decreto legge sulle bollette tanto atteso è stato varato dal governo . Per la premier Giorgia Meloni vale 5 miliardi, fra risparmi e benefici per famiglie ed imprese. Dentro ci sono la s",
https://www.ansa.it/sito/notizie/politica/2026/02/18/il-cdm-approva-il-decreto-bollette-tagli-per-le-imprese-e-per-le-famiglie-fragili_7dc6791f-e86a-427d-9a76-fccfd54dcb69.html,accoglie con favore,body,"Alla fine, il decreto legge sulle bollette tanto atteso è stato varato dal governo . Per la premier Giorgia Meloni vale 5 miliardi, fra risparmi e benefici per famiglie ed imprese. Dentro ci sono la s",
https://www.ansa.it/sito/notizie/politica/2026/02/18/il-cdm-approva-il-decreto-bollette-tagli-per-le-imprese-e-per-le-famiglie-fragili_7dc6791f-e86a-427d-9a76-fccfd54dcb69.html,valuta positivamente,body,"Alla fine, il decreto legge sulle bollette tanto atteso è stato varato dal governo . Per la premier Giorgia Meloni vale 5 miliardi, fra risparmi e benefici per famiglie ed imprese. Dentro ci sono la s",
https://www.ansa.it/sito/notizie/politica/2026/02/18/il-cdm-approva-il-decreto-bollette-tagli-per-le-imprese-e-per-le-famiglie-fragili_7dc6791f-e86a-427d-9a76-fccfd54dcb69.html,tutte le categorie di impresa,body,"Alla fine, il decreto legge sulle bollette tanto atteso è stato varato dal governo . Per la premier Giorgia Meloni vale 5 miliardi, fra risparmi e benefici per famiglie ed imprese. Dentro ci sono la s",
https://www.ansa.it/sito/notizie/politica/2026/02/18/il-cdm-approva-il-decreto-bollette-tagli-per-le-imprese-e-per-le-famiglie-fragili_7dc6791f-e86a-427d-9a76-fccfd54dcb69.html,totale insoddisfazione,body,"Alla fine, il decreto legge sulle bollette tanto atteso è stato varato dal governo . Per la premier Giorgia Meloni vale 5 miliardi, fra risparmi e benefici per famiglie ed imprese. Dentro ci sono la s",
https://www.ansa.it/sito/notizie/politica/2026/02/18/il-cdm-approva-il-decreto-bollette-tagli-per-le-imprese-e-per-le-famiglie-fragili_7dc6791f-e86a-427d-9a76-fccfd54dcb69.html,sospende il giudizio in attesa di vedere il testo,body,"Alla fine, il decreto legge sulle bollette tanto atteso è stato varato dal governo . Per la premier Giorgia Meloni vale 5 miliardi, fra risparmi e benefici per famiglie ed imprese. Dentro ci sono la s",
https://www.ansa.it/sito/notizie/politica/2026/02/18/il-cdm-approva-il-decreto-bollette-tagli-per-le-imprese-e-per-le-famiglie-fragili_7dc6791f-e86a-427d-9a76-fccfd54dcb69.html,si sia ribaltato il principio chi inquina paga,body,"Alla fine, il decreto legge sulle bollette tanto atteso è stato varato dal governo . Per la premier Giorgia Meloni vale 5 miliardi, fra risparmi e benefici per famiglie ed imprese. Dentro ci sono la s",
https://www.ansa.it/sito/notizie/politica/2026/02/18/il-cdm-approva-il-decreto-bollette-tagli-per-le-imprese-e-per-le-famiglie-fragili_7dc6791f-e86a-427d-9a76-fccfd54dcb69.html,"lo sconto vada forse a vantaggio delle imprese, ma a spese delle famiglie e dei ceti medio-bassi è altissimo",body,"Alla fine, il decreto legge sulle bollette tanto atteso è stato varato dal governo . Per la premier Giorgia Meloni vale 5 miliardi, fra risparmi e benefici per famiglie ed imprese. Dentro ci sono la s",
